--USE ddl

--done
INSERT INTO Patient (PatientID, FirstName, LastName, DateOfBirth, Gender, Address, PhoneNumber, Email, EmergencyContactName, EmergencyContactPhone) VALUES
(1, 'John', 'Doe', '1990-01-01', 'Male', '123 Elm Street', '1234567890', 'john.doe@example.com', 'Jane Doe', '0987654321'),
(2, 'Jane', 'Smith', '1985-05-15', 'Female', '456 Oak Avenue', '2345678901', 'jane.smith@example.com', 'John Smith', '1876543210'),
(3, 'Alice', 'Johnson', '1978-03-10', 'Female', '789 Pine Road', '3456789012', 'alice.johnson@example.com', 'Bob Johnson', '2765432109'),
(4, 'Bob', 'Williams', '1992-07-22', 'Male', '321 Maple Lane', '4567890123', 'bob.williams@example.com', 'Alice Williams', '3654321098'),
(5, 'Michael', 'Brown', '2000-11-30', 'Male', '654 Cedar Drive', '5678901234', 'michael.brown@example.com', 'Michelle Brown', '4543210987'),
(6, 'Sophia', 'Garcia', '1995-02-17', 'Female', '120 Willow Court', '6789012345', 'sophia.garcia@example.com', 'Miguel Garcia', '5432109876'),
(7, 'Liam', 'Taylor', '1983-08-24', 'Male', '45 Birch Way', '7890123456', 'liam.taylor@example.com', 'Emma Taylor', '4321098765'),
(8, 'Olivia', 'Anderson', '1997-12-03', 'Female', '29 Walnut Street', '8901234567', 'olivia.anderson@example.com', 'Lucas Anderson', '3210987654'),
(9, 'James', 'Thomas', '1989-05-29', 'Male', '78 Spruce Road', '9012345678', 'james.thomas@example.com', 'Sophia Thomas', '2109876543'),
(10, 'Emma', 'Lee', '2001-10-10', 'Female', '34 Cherry Lane', '1123456789', 'emma.lee@example.com', 'Daniel Lee', '1098765432'),
(11, 'Noah', 'Moore', '1994-01-08', 'Male', '56 Poplar Avenue', '2234567890', 'noah.moore@example.com', 'Sarah Moore', '1987654321'),
(12, 'Ava', 'Harris', '1986-06-14', 'Female', '87 Hazel Boulevard', '3345678901', 'ava.harris@example.com', 'Michael Harris', '2876543210'),
(13, 'William', 'Martin', '1991-03-25', 'Male', '19 Dogwood Drive', '4456789012', 'william.martin@example.com', 'Elizabeth Martin', '3765432109'),
(14, 'Isabella', 'Thompson', '1998-09-18', 'Female', '62 Alder Lane', '5567890123', 'isabella.thompson@example.com', 'Robert Thompson', '4654321098'),
(15, 'Lucas', 'Martinez', '1987-04-02', 'Male', '90 Magnolia Street', '6678901234', 'lucas.martinez@example.com', 'Sofia Martinez', '5543210987'),
(16, 'Charlotte', 'White', '1992-07-16', 'Female', '101 Palm Avenue', '7789012345', 'charlotte.white@example.com', 'George White', '6432109876'),
(17, 'Elijah', 'Lopez', '1988-11-22', 'Male', '29 Elmwood Court', '8890123456', 'elijah.lopez@example.com', 'Isabella Lopez', '7321098765'),
(18, 'Amelia', 'Hill', '1993-05-06', 'Female', '46 Beech Way', '9901234567', 'amelia.hill@example.com', 'Liam Hill', '8210987654'),
(19, 'Mason', 'Scott', '1990-12-28', 'Male', '72 Aspen Drive', '1012345678', 'mason.scott@example.com', 'Olivia Scott', '9109876543'),
(20, 'Mia', 'Green', '1996-03-12', 'Female', '37 Maple Circle', '2123456789', 'mia.green@example.com', 'Ethan Green', '8098765432'),
(21, 'Benjamin', 'Adams', '1984-02-04', 'Male', '81 Fir Road', '3234567890', 'benjamin.adams@example.com', 'Sophia Adams', '6987654321'),
(22, 'Evelyn', 'Nelson', '2000-09-21', 'Female', '53 Holly Street', '4345678901', 'evelyn.nelson@example.com', 'Logan Nelson', '5876543210'),
(23, 'Henry', 'Carter', '1999-06-07', 'Male', '68 Redwood Lane', '5456789012', 'henry.carter@example.com', 'Emma Carter', '4765432109'),
(24, 'Ella', 'Mitchell', '1994-01-19', 'Female', '92 Willow Way', '6567890123', 'ella.mitchell@example.com', 'Aiden Mitchell', '3654321098'),
(25, 'Alexander', 'Perez', '1995-10-03', 'Male', '33 Birch Avenue', '7678901234', 'alexander.perez@example.com', 'Sophia Perez', '2543210987'),
(26, 'Harper', 'Rivera', '1982-08-13', 'Female', '24 Cherry Court', '8789012345', 'harper.rivera@example.com', 'Mason Rivera', '1432109876'),
(27, 'Daniel', 'Clark', '1997-11-09', 'Male', '85 Aspen Way', '9890123456', 'daniel.clark@example.com', 'Charlotte Clark', '0321098765'),
(28, 'Lily', 'Rodriguez', '1991-04-17', 'Female', '49 Hazel Lane', '1001234567', 'lily.rodriguez@example.com', 'Benjamin Rodriguez', '9210987654'),
(29, 'Jackson', 'Lewis', '1990-02-22', 'Male', '14 Palm Street', '2112345678', 'jackson.lewis@example.com', 'Mia Lewis', '8109876543'),
(30, 'Scarlett', 'Walker', '1987-07-31', 'Female', '59 Magnolia Circle', '3223456789', 'scarlett.walker@example.com', 'Elijah Walker', '7098765432'),
(31, 'Sebastian', 'Young', '1983-12-16', 'Male', '93 Elm Avenue', '4334567890', 'sebastian.young@example.com', 'Amelia Young', '6987654321'),
(32, 'Aria', 'King', '1999-06-25', 'Female', '77 Beech Boulevard', '5445678901', 'aria.king@example.com', 'Logan King', '5876543210'),
(33, 'David', 'Allen', '1985-03-09', 'Male', '18 Fir Court', '6556789012', 'david.allen@example.com', 'Emma Allen', '4765432109'),
(34, 'Grace', 'Wright', '1992-09-15', 'Female', '62 Dogwood Street', '7667890123', 'grace.wright@example.com', 'Aiden Wright', '3654321098'),
(35, 'Joseph', 'Hernandez', '1993-10-08', 'Male', '41 Alder Road', '8778901234', 'joseph.hernandez@example.com', 'Sophia Hernandez', '2543210987'),
(36, 'Hannah', 'Lopez', '1984-05-20', 'Female', '31 Poplar Lane', '9889012345', 'hannah.lopez@example.com', 'Mason Lopez', '1432109876'),
(37, 'Matthew', 'Hall', '1991-12-02', 'Male', '69 Walnut Way', '1090123456', 'matthew.hall@example.com', 'Charlotte Hall', '0321098765'),
(38, 'Victoria', 'Scott', '2000-04-27', 'Female', '58 Spruce Avenue', '2101234567', 'victoria.scott@example.com', 'Benjamin Scott', '9210987654'),
(39, 'Andrew', 'Torres', '1994-06-14', 'Male', '80 Redwood Circle', '3212345678', 'andrew.torres@example.com', 'Mia Torres', '8109876543'),
(40, 'Natalie', 'Young', '1998-01-26', 'Female', '13 Cypress Lane', '4323456789', 'natalie.young@example.com', 'Elijah Young', '7098765432'),
(41, 'Ryan', 'Flores', '1988-11-07', 'Male', '91 Willow Boulevard', '5434567890', 'ryan.flores@example.com', 'Amelia Flores', '6987654321'),
(42, 'Samantha', 'Bell', '1997-07-19', 'Female', '35 Maple Avenue', '6545678901', 'samantha.bell@example.com', 'Logan Bell', '5876543210'),
(43, 'Nicholas', 'Price', '1986-09-13', 'Male', '88 Birch Road', '7656789012', 'nicholas.price@example.com', 'Emma Price', '4765432109'),
(44, 'Leah', 'Reed', '1995-12-18', 'Female', '49 Hazel Street', '8767890123', 'leah.reed@example.com', NULL, NULL),
(45, 'Ethan', 'Patterson', '1993-06-21', 'Male', '21 Spruce Drive', '9876543201', 'ethan.patterson@example.com', 'Lily Patterson', '8765432109'),
(46, 'Zoey', 'Cruz', '2002-01-15', 'Female', '58 Magnolia Court', '8765432198', 'zoey.cruz@example.com', 'Jackson Cruz', '7654321098'),
(47, 'Dylan', 'Morgan', '1997-08-11', 'Male', '14 Poplar Lane', '7654321987', 'dylan.morgan@example.com', 'Grace Morgan', '6543210987'),
(48, 'Luna', 'Peterson', '1999-03-27', 'Female', '32 Elm Boulevard', '6543219876', 'luna.peterson@example.com', 'Henry Peterson', '5432109876'),
(49, 'Caleb', 'Foster', '1985-09-09', 'Male', '76 Dogwood Street', '5432198765', 'caleb.foster@example.com', 'Aria Foster', '4321098765'),
(50, 'Chloe', 'Stewart', '1992-12-05', 'Female', '85 Alder Avenue', '4321987654', 'chloe.stewart@example.com', 'David Stewart', '3210987654'),
(51, 'Nathan', 'Simmons', '1988-04-20', 'Male', '19 Cherry Road', '3219876543', 'nathan.simmons@example.com', 'Victoria Simmons', '2109876543'),
(52, 'Layla', 'Gray', '2001-06-10', 'Female', '33 Willow Drive', '2108765432', 'layla.gray@example.com', 'Ethan Gray', '1098765432'),
(53, 'Zachary', 'Jenkins', '1994-02-01', 'Male', '12 Beech Lane', '1097654321', 'zachary.jenkins@example.com', 'Emma Jenkins', '0987654321'),
(54, 'Sofia', 'Washington', '1987-07-14', 'Female', '88 Fir Avenue', '0986543210', 'sofia.washington@example.com', 'Mason Washington', '9876543210'),
(55, 'Lucas', 'Ford', '1995-01-30', 'Male', '25 Maple Street', '9875432109', 'lucas.ford@example.com', 'Ava Ford', '8765432109'),
(56, 'Avery', 'Hunter', '1991-09-25', 'Female', '37 Palm Lane', '8764321098', 'avery.hunter@example.com', 'William Hunter', '7654321098'),
(57, 'Isaac', 'Coleman', '1998-11-18', 'Male', '43 Magnolia Road', '7653210987', 'isaac.coleman@example.com', 'Olivia Coleman', '6543210987'),
(58, 'Ellie', 'Brooks', '1989-03-16', 'Female', '52 Cypress Way', '6542109876', 'ellie.brooks@example.com', 'Benjamin Brooks', '5432109876'),
(59, 'Aiden', 'Sanders', '1986-10-08', 'Male', '73 Dogwood Avenue', '5431098765', 'aiden.sanders@example.com', 'Isabella Sanders', '4321098765'),
(60, 'Lillian', 'Perry', '1996-02-12', 'Female', '90 Spruce Lane', '4320987654', 'lillian.perry@example.com', 'Sophia Perry', '3210987654'),
(61, 'Gabriel', 'Murphy', '2000-05-07', 'Male', '67 Birch Boulevard', '5216876543', 'gabriel.murphy@example.com', 'Emma Murphy', '2109876543'),
(62, 'Aubrey', 'Bryant', '1993-09-11', 'Female', '46 Poplar Street', '2108765431', 'aubrey.bryant@example.com', 'James Bryant', '1098765432'),
(63, 'Eli', 'Alexander', '1992-06-28', 'Male', '39 Elm Avenue', '1097654320', 'eli.alexander@example.com', 'Charlotte Alexander', '0987654321'),
(64, 'Bella', 'Russell', '1984-01-20', 'Female', '18 Willow Way', '0986543219', 'bella.russell@example.com', 'Daniel Russell', '9876543210'),
(65, 'Samuel', 'Foster', '1983-07-02', 'Male', '74 Cherry Drive', '9875432108', 'samuel.foster@example.com', 'Harper Foster', '8765432109'),
(66, 'Alyssa', 'Griffin', '1997-03-21', 'Female', '91 Hazel Street', '8764321097', 'alyssa.griffin@example.com', 'Liam Griffin', '7654321098'),
(67, 'Connor', 'Hayes', '1990-08-05', 'Male', '24 Alder Lane', '7653210986', 'connor.hayes@example.com', 'Amelia Hayes', '6543210987'),
(68, 'Eliana', 'Burns', '1985-11-26', 'Female', '41 Palm Boulevard', '6542109875', 'eliana.burns@example.com', 'Benjamin Burns', '5432109876'),
(69, 'Christian', 'Ross', '1994-05-15', 'Male', '64 Magnolia Court', '5431098764', 'christian.ross@example.com', 'Olivia Ross', '4321098765'),
(70, 'Stella', 'Fisher', '1998-12-03', 'Female', '89 Dogwood Road', '4320987653', 'stella.fisher@example.com', 'Noah Fisher', '3210987654'),
(71, 'Aaron', 'Gonzalez', '1996-07-08', 'Male', '14 Cypress Drive', '3219876541', 'aaron.gonzalez@example.com', 'Sophia Gonzalez', '2109876543'),
(72, 'Victoria', 'Wells', '2001-04-22', 'Female', '35 Fir Lane', '2108765430', 'victoria.wells@example.com', 'Lucas Wells', '1098765432'),
(73, 'Julian', 'Owens', '1989-02-14', 'Male', '23 Elm Boulevard', '1097654329', 'julian.owens@example.com', 'Mia Owens', '0987654321'),
(74, 'Aurora', 'Reed', '1999-01-11', 'Female', '36 Birch Way', '0986543218', 'aurora.reed@example.com', 'Elijah Reed', '9876543210'),
(75, 'Dominic', 'Tucker', '1992-10-29', 'Male', '82 Poplar Lane', '9875432107', 'dominic.tucker@example.com', 'Grace Tucker', '8765432109'),
(76, 'Hazel', 'Kelly', '1987-08-16', 'Female', '57 Cherry Road', '8764321096', 'hazel.kelly@example.com', 'Daniel Kelly', '7654321098'),
(77, 'Cooper', 'Bailey', '1993-06-03', 'Male', '78 Spruce Avenue', '7653210985', 'cooper.bailey@example.com', 'Ava Bailey', '6543210987'),
(78, 'Naomi', 'Ward', '2000-09-20', 'Female', '50 Alder Boulevard', '6542109874', 'naomi.ward@example.com', 'William Ward', '5432109876'),
(79, 'Owen', 'Rivera', '1986-12-09', 'Male', '65 Palm Lane', '5431098763', 'owen.rivera@example.com', 'Olivia Rivera', '4321098765'),
(80, 'Madeline', 'Diaz', '1998-07-31', 'Female', '10 Magnolia Drive', '4320987652', 'madeline.diaz@example.com', 'James Diaz', '3210987654'),
(81, 'Levi', 'Howard', '1991-11-24', 'Male', '37 Dogwood Street', '3219876540', 'levi.howard@example.com', 'Charlotte Howard', '2109876543'),
(82, 'Savannah', 'Cox', '1997-04-19', 'Female', '88 Willow Way', '2108765429', 'savannah.cox@example.com', 'Benjamin Cox', '1098765432'),
(83, 'Jack', 'Flores', '1994-01-05', 'Male', '44 Cypress Avenue', '1326542919', 'JackF@example.com', NULL, NULL),
(84, 'Lucy', 'Flores', '1998-11-11', 'Female', '21 Pine Circle', '3219876542', 'lucy.flores@example.com', 'John Flores', '2109876543'),
(85, 'Eli', 'Murray', '1990-03-09', 'Male', '9 Aspen Road', '2108765738', 'eli.murray@example.com', 'Sophie Murray', '1098765432'), 
(86, 'Lydia', 'Barnes', '1996-08-25', 'Female', '56 Walnut Lane', '1787654321', 'lydia.barnes@example.com', 'Noah Barnes', '0987654321'),
(87, 'Micah', 'Harrison', '1988-12-12', 'Male', '19 Cedar Avenue', '0986563243', 'micah.harrison@example.com', 'Ava Harrison', '9876543210'),
(88, 'Emery', 'Dean', '1985-04-27', 'Female', '74 Maple Way', '9655442109', 'emery.dean@example.com', 'James Dean', '8765432109'),
(89, 'Carson', 'Ray', '1999-06-13', 'Male', '33 Elm Circle', '8764341098', 'carson.ray@example.com', 'Isla Ray', '7654321098'),
(90, 'Eleanor', 'Wade', '1994-01-19', 'Female', '42 Fir Lane', '7853210987', 'eleanor.wade@example.com', 'Henry Wade', '6543210987'),
(91, 'Ryder', 'Newman', '1983-09-30', 'Male', '17 Birch Street', '7542109876', 'ryder.newman@example.com', 'Charlotte Newman', '5432109876'),
(92, 'Athena', 'Hayes', '2002-02-15', 'Female', '23 Oak Avenue', '5831098765', 'athena.hayes@example.com', 'Liam Hayes', '4321098765'),
(93, 'Ezekiel', 'Morales', '1989-11-24', 'Male', '50 Poplar Boulevard', '4323987654', 'ezekiel.morales@example.com', 'Maya Morales', '3210987654'),
(94, 'Piper', 'Bishop', '1991-07-06', 'Female', '82 Cypress Lane', '3219876547', 'piper.bishop@example.com', 'Oliver Bishop', '2109876543'),
(95, 'Miles', 'Carr', '1987-10-02', 'Male', '77 Palm Road', '2108885432', 'miles.carr@example.com', 'Sophia Carr', '1098765432'),
(96, 'Ivy', 'Fleming', '1995-05-17', 'Female', '39 Dogwood Avenue', '1097654389', 'ivy.fleming@example.com', 'Emma Fleming', '0987654321'),
(97, 'Gavin', 'Lowe', '1993-02-12', 'Male', '45 Spruce Street', '0986553218', 'gavin.lowe@example.com', 'Harper Lowe', '9876543210'),
(98, 'Autumn', 'Rice', '2000-09-01', 'Female', '62 Cherry Boulevard', '9975432107', 'autumn.rice@example.com', 'Mason Rice', '8765432109'),
(99, 'Roman', 'Page', '1997-06-22', 'Male', '70 Maple Lane', '8764321090', 'roman.page@example.com', 'Ava Page', '7654321098'),
(100, 'Juliette', 'Holt', '1984-12-15', 'Female', '54 Alder Drive', '7053210985', 'juliette.holt@example.com', 'Lucas Holt', '6543210987');
--done
INSERT INTO Medicine (MedicineID, MedicineName, Manufacturer, StockQuantity, Price) VALUES
(1, 'Paracetamol', 'Acme Pharma', 200, 2.50),
(2, 'Ibuprofen', 'Wellness Inc.', 150, 3.20),
(3, 'Amoxicillin', 'MediLife Corp.', 100, 5.00),
(4, 'Ciprofloxacin', 'HealthCure Ltd.', 75, 7.80),
(5, 'Metformin', 'LifeHealth Pharmaceuticals', 120, 6.40),
(6, 'Atorvastatin', 'HeartCare Labs', 90, 4.60),
(7, 'Omeprazole', 'Digestive Solutions', 130, 2.90),
(8, 'Losartan', 'CardioPharma', 110, 3.10),
(9, 'Amlodipine', 'Vascular Remedies', 140, 3.70),
(10, 'Salbutamol', 'BreatheWell Co.', 85, 5.50),
(11, 'Cetirizine', 'Allergy Relief Inc.', 160, 1.80),
(12, 'Doxycycline', 'Antibiotics Plus', 70, 6.90),
(13, 'Warfarin', 'ClotFree Pharma', 50, 8.30),
(14, 'Insulin', 'Diabetic Solutions', 95, 15.00),
(15, 'Hydrochlorothiazide', 'AquaCare Labs', 100, 3.40),
(16, 'Lisinopril', 'HeartWell Pharmaceuticals', 90, 4.20),
(17, 'Prednisone', 'Steroid Supplies', 80, 5.00),
(18, 'Montelukast', 'AsthmaAid Ltd.', 110, 6.10),
(19, 'Clopidogrel', 'BloodFlow Pharma', 75, 9.00),
(20, 'Azithromycin', 'Broad Spectrum Inc.', 65, 7.50),
(21, 'Fluoxetine', 'MentalHealth Meds', 120, 3.80),
(22, 'Sertraline', 'MoodCare Pharmaceuticals', 110, 4.10),
(23, 'Ranitidine', 'StomachCare Solutions', 150, 2.70),
(24, 'Furosemide', 'Kidney Health Co.', 100, 3.60),
(25, 'Simvastatin', 'Cholesterol Control Labs', 80, 4.00),
(26, 'Metronidazole', 'InfectionFree Pharma', 95, 5.70),
(27, 'Hydrocortisone', 'SkinCare Pharma', 70, 3.90),
(28, 'Morphine', 'PainRelief Corp.', 50, 20.00),
(29, 'Diclofenac', 'JointEase Inc.', 110, 3.30),
(30, 'Erythromycin', 'Antibiotics Solutions', 85, 6.20),
(31, 'Levofloxacin', 'HealthWise Meds', 75, 8.90),
(32, 'Methotrexate', 'Arthritis Cure Ltd.', 60, 9.50),
(33, 'Propranolol', 'BetaBlockers Co.', 100, 4.40),
(34, 'Gabapentin', 'NeuroHealth Pharma', 90, 7.10),
(35, 'Venlafaxine', 'Depression Solutions', 120, 5.50),
(36, 'Tramadol', 'PainCare Labs', 85, 6.30),
(37, 'Budesonide', 'AsthmaControl Inc.', 70, 9.80),
(38, 'Allopurinol', 'UricAid Pharma', 95, 3.80),
(39, 'Bisoprolol', 'Cardio Balance Labs', 90, 4.70),
(40, 'Nitroglycerin', 'Heart Relief Co.', 50, 10.00),
(41, 'Amiodarone', 'Arrhythmia Pharma', 60, 12.50),
(42, 'Spironolactone', 'Hormonal Balance Ltd.', 80, 6.20),
(43, 'Aspirin', 'Pain and Heart Meds', 200, 1.50),
(44, 'Captopril', 'Vascular Wellness Labs', 85, 3.90),
(45, 'Cyclobenzaprine', 'MuscleEase Inc.', 65, 4.80),
(46, 'Famotidine', 'Digestive Aid Co.', 100, 2.40),
(47, 'Ketorolac', 'Acute Pain Relief Pharma', 75, 5.70),
(48, 'Ondansetron', 'AntiNausea Meds', 90, 6.90),
(49, 'Phenytoin', 'Seizure Control Ltd.', 80, 8.20),
(50, 'Carvedilol', 'HeartCare Solutions', 100, 4.50);
--done
INSERT INTO Billing (BillingID, PatientID, TotalAmount, PaymentStatus, PaymentDate, PaymentMethod) VALUES
(1, 1, 150.75, 'Paid', '2024-11-01', 'Credit Card'),
(2, 2, 245.30, 'Unpaid', '2024-11-02', 'Cash'),
(3, 3, 320.50, 'Paid', '2024-11-03', 'Debit Card'),
(4, 4, 400.00, 'Paid', '2024-11-04', 'Credit Card'),
(5, 5, 50.00, 'Paid', '2024-11-05', 'Cash'),
(6, 6, 120.25, 'Paid', '2024-11-06', 'Debit Card'),
(7, 7, 200.00, 'Unpaid', '2024-11-07', 'Cash'),
(8, 8, 380.90, 'Paid', '2024-11-08', 'Credit Card'),
(9, 9, 150.20, 'Unpaid', '2024-11-09', 'Debit Card'),
(10, 10, 220.00, 'Paid', '2024-11-10', 'Credit Card'),
(11, 11, 180.50, 'Paid', '2024-11-11', 'Cash'),
(12, 12, 330.75, 'Unpaid', '2024-11-12', 'Debit Card'),
(13, 13, 500.60, 'Paid', '2024-11-13', 'Credit Card'),
(14, 14, 90.00, 'Paid', '2024-11-14', 'Cash'),
(15, 15, 250.40, 'Unpaid', '2024-11-15', 'Debit Card'),
(16, 16, 220.00, 'Paid', '2024-11-16', 'Credit Card'),
(17, 17, 450.30, 'Unpaid', '2024-11-17', 'Cash'),
(18, 18, 300.00, 'Paid', '2024-11-18', 'Debit Card'),
(19, 19, 180.10, 'Paid', '2024-11-19', 'Credit Card'),
(20, 20, 150.00, 'Unpaid', '2024-11-20', 'Cash'),
(21, 21, 270.60, 'Paid', '2024-11-21', 'Credit Card'),
(22, 22, 230.00, 'Paid', '2024-11-22', 'Debit Card'),
(23, 23, 320.80, 'Unpaid', '2024-11-23', 'Cash'),
(24, 24, 110.75, 'Paid', '2024-11-24', 'Debit Card'),
(25, 25, 410.00, 'Unpaid', '2024-11-25', 'Credit Card'),
(26, 26, 160.30, 'Paid', '2024-11-26', 'Cash'),
(27, 27, 210.90, 'Unpaid', '2024-11-27', 'Debit Card'),
(28, 28, 500.00, 'Paid', '2024-11-28', 'Credit Card'),
(29, 29, 100.50, 'Paid', '2024-11-29', 'Cash'),
(30, 30, 340.00, 'Unpaid', '2024-11-30', 'Debit Card'),
(31, 31, 460.60, 'Paid', '2024-12-01', 'Credit Card'),
(32, 32, 250.10, 'Unpaid', '2024-12-02', 'Cash'),
(33, 33, 380.40, 'Paid', '2024-12-03', 'Debit Card'),
(34, 34, 180.00, 'Paid', '2024-12-04', 'Credit Card'),
(35, 35, 320.00, 'Unpaid', '2024-12-05', 'Cash'),
(36, 36, 110.20, 'Paid', '2024-12-06', 'Debit Card'),
(37, 37, 210.00, 'Unpaid', '2024-12-07', 'Credit Card'),
(38, 38, 250.50, 'Paid', '2024-12-08', 'Cash'),
(39, 39, 380.00, 'Paid', '2024-12-09', 'Debit Card'),
(40, 40, 150.30, 'Paid', '2024-12-10', 'Credit Card'),
(41, 41, 320.50, 'Unpaid', '2024-12-11', 'Cash'),
(42, 42, 210.70, 'Paid', '2024-12-12', 'Debit Card'),
(43, 43, 480.00, 'Paid', '2024-12-13', 'Credit Card'),
(44, 44, 200.60, 'Paid', '2024-12-14', 'Cash'),
(45, 45, 150.00, 'Paid', '2024-12-15', 'Debit Card'),
(46, 46, 350.20, 'Unpaid', '2024-12-16', 'Credit Card'),
(47, 47, 300.00, 'Paid', '2024-12-17', 'Cash'),
(48, 48, 200.50, 'Unpaid', '2024-12-18', 'Debit Card'),
(49, 49, 250.00, 'Paid', '2024-12-19', 'Credit Card'),
(50, 50, 380.10, 'Unpaid', '2024-12-20', 'Cash'),
(51, 51, 150.50, 'Paid', '2024-12-21', 'Debit Card'),
(52, 52, 330.60, 'Paid', '2024-12-22', 'Credit Card'),
(53, 53, 200.00, 'Unpaid', '2024-12-23', 'Cash'),
(54, 54, 250.10, 'Paid', '2024-12-24', 'Debit Card'),
(55, 55, 380.00, 'Paid', '2024-12-25', 'Credit Card'),
(56, 56, 150.75, 'Unpaid', '2024-12-26', 'Cash'),
(57, 57, 320.50, 'Paid', '2024-12-27', 'Debit Card'),
(58, 58, 200.60, 'Unpaid', '2024-12-28', 'Credit Card'),
(59, 59, 110.00, 'Paid', '2024-12-29', 'Cash'),
(60, 60, 450.80, 'Paid', '2024-12-30', 'Debit Card'),
(61, 61, 300.10, 'Paid', '2024-12-31', 'Credit Card'),
(62, 62, 200.50, 'Paid', '2025-01-01', 'Cash'),
(63, 63, 250.00, 'Unpaid', '2025-01-02', 'Debit Card'),
(64, 64, 320.00, 'Paid', '2025-01-03', 'Credit Card'),
(65, 65, 180.00, 'Unpaid', '2025-01-04', 'Cash'),
(66, 66, 500.75, 'Paid', '2025-01-05', 'Debit Card'),
(67, 67, 250.10, 'Paid', '2025-01-06', 'Credit Card'),
(68, 68, 180.50, 'Unpaid', '2025-01-07', 'Cash'),
(69, 69, 320.00, 'Paid', '2025-01-08', 'Debit Card'),
(70, 70, 110.20, 'Paid', '2025-01-09', 'Credit Card'),
(71, 71, 240.30, 'Unpaid', '2025-01-10', 'Cash'),
(72, 72, 150.00, 'Paid', '2025-01-11', 'Debit Card'),
(73, 73, 400.00, 'Paid', '2025-01-12', 'Credit Card'),
(74, 74, 200.10, 'Paid', '2025-01-13', 'Cash'),
(75, 75, 300.00, 'Unpaid', '2025-01-14', 'Debit Card'),
(76, 76, 250.00, 'Paid', '2025-01-15', 'Credit Card'),
(77, 77, 350.00, 'Paid', '2025-01-16', 'Cash'),
(78, 78, 110.40, 'Paid', '2025-01-17', 'Debit Card'),
(79, 79, 150.10, 'Unpaid', '2025-01-18', 'Credit Card'),
(80, 80, 250.60, 'Paid', '2025-01-19', 'Cash'),
(81, 81, 320.20, 'Unpaid', '2025-01-20', 'Debit Card'),
(82, 82, 200.00, 'Paid', '2025-01-21', 'Credit Card'),
(83, 83, 500.30, 'Unpaid', '2025-01-22', 'Cash'),
(84, 84, 320.50, 'Paid', '2025-01-23', 'Debit Card'),
(85, 85, 450.80, 'Paid', '2025-01-24', 'Credit Card'),
(86, 86, 350.20, 'Paid', '2025-01-25', 'Cash'),
(87, 87, 200.50, 'Unpaid', '2025-01-26', 'Debit Card'),
(88, 88, 150.75, 'Paid', '2025-01-27', 'Credit Card'),
(89, 89, 200.00, 'Unpaid', '2025-01-28', 'Cash'),
(90, 90, 320.30, 'Paid', '2025-01-29', 'Debit Card'),
(91, 91, 150.00, 'Paid', '2025-01-30', 'Credit Card'),
(92, 92, 250.60, 'Unpaid', '2025-01-31', 'Cash'),
(93, 93, 200.30, 'Paid', '2025-02-01', 'Debit Card'),
(94, 94, 300.20, 'Unpaid', '2025-02-02', 'Credit Card'),
(95, 95, 250.40, 'Paid', '2025-02-03', 'Cash'),
(96, 96, 150.00, 'Unpaid', '2025-02-04', 'Debit Card'),
(97, 97, 320.50, 'Paid', '2025-02-05', 'Credit Card'),
(98, 98, 220.00, 'Unpaid', '2025-02-06', 'Cash'),
(99, 99, 300.10, 'Paid', '2025-02-07', 'Debit Card'),
(100, 100, 500.75, 'Paid', '2025-02-08', 'Credit Card'),
(101, 11, 120.25, 'Unpaid', '2025-02-09', 'Debit Card'),
(102, 12, 220.50, 'Paid', '2025-02-10', 'Credit Card'),
(103, 13, 150.75, 'Paid', '2025-02-11', 'Cash'),
(104, 14, 280.10, 'Paid', '2025-02-12', 'Debit Card'),
(105, 85, 500.00, 'Unpaid', '2025-02-13', 'Credit Card'),
(106, 96, 200.60, 'Paid', '2025-02-14', 'Cash'),
(107, 17, 350.20, 'Paid', '2025-02-15', 'Debit Card'),
(108, 28, 320.75, 'Paid', '2025-02-16', 'Credit Card'),
(109, 19, 180.30, 'Unpaid', '2025-02-17', 'Cash'),
(110, 10, 250.60, 'Paid', '2025-02-18', 'Debit Card'),
(111, 11, 320.50, 'Paid', '2025-02-19', 'Credit Card'),
(112, 12, 150.10, 'Unpaid', '2025-02-20', 'Cash'),
(113, 13, 270.30, 'Paid', '2025-02-21', 'Debit Card'),
(114, 14, 400.20, 'Paid', '2025-02-22', 'Credit Card'),
(115, 15, 350.40, 'Paid', '2025-02-23', 'Cash'),
(116, 16, 110.10, 'Unpaid', '2025-02-24', 'Debit Card'),
(117, 17, 250.00, 'Paid', '2025-02-25', 'Credit Card'),
(118, 68, 320.60, 'Paid', '2025-02-26', 'Cash'),
(119, 19, 300.20, 'Unpaid', '2025-02-27', 'Debit Card'),
(120, 20, 150.50, 'Paid', '2025-02-28', 'Credit Card'),
(121, 21, 250.40, 'Unpaid', '2025-03-01', 'Cash'),
(122, 22, 320.20, 'Paid', '2025-03-02', 'Debit Card'),
(123, 23, 180.75, 'Paid', '2025-03-03', 'Credit Card'),
(124, 24, 300.10, 'Unpaid', '2025-03-04', 'Cash'),
(125, 25, 150.30, 'Paid', '2025-03-05', 'Debit Card'),
(126, 26, 450.20, 'Unpaid', '2025-03-06', 'Credit Card'),
(127, 27, 320.50, 'Paid', '2025-03-07', 'Cash'),
(128, 28, 200.60, 'Paid', '2025-03-08', 'Debit Card'),
(129, 29, 350.00, 'Paid', '2025-03-09', 'Credit Card'),
(130, 30, 120.75, 'Unpaid', '2025-03-10', 'Cash'),
(131, 31, 300.00, 'Paid', '2025-03-11', 'Debit Card'),
(132, 32, 250.10, 'Paid', '2025-03-12', 'Credit Card'),
(133, 33, 150.50, 'Paid', '2025-03-13', 'Cash'),
(134, 34, 200.00, 'Unpaid', '2025-03-14', 'Debit Card'),
(135, 35, 320.40, 'Paid', '2025-03-15', 'Credit Card'),
(136, 36, 150.30, 'Paid', '2025-03-16', 'Cash'),
(137, 37, 350.60, 'Unpaid', '2025-03-17', 'Debit Card'),
(138, 38, 250.00, 'Paid', '2025-03-18', 'Credit Card'),
(139, 39, 180.10, 'Unpaid', '2025-03-19', 'Cash'),
(140, 40, 320.20, 'Paid', '2025-03-20', 'Debit Card'),
(141, 41, 250.75, 'Paid', '2025-03-21', 'Credit Card'),
(142, 42, 200.60, 'Unpaid', '2025-03-22', 'Cash'),
(143, 43, 350.20, 'Paid', '2025-03-23', 'Debit Card'),
(144, 44, 300.30, 'Paid', '2025-03-24', 'Credit Card'),
(145, 45, 250.10, 'Unpaid', '2025-03-25', 'Cash'),
(146, 46, 150.00, 'Paid', '2025-03-26', 'Debit Card'),
(147, 47, 320.50, 'Paid', '2025-03-27', 'Credit Card'),
(148, 48, 400.20, 'Unpaid', '2025-03-28', 'Cash'),
(149, 49, 250.00, 'Paid', '2025-03-29', 'Debit Card'),
(150, 50, 320.40, 'Paid', '2025-03-30', 'Credit Card'),
(151, 51, 150.10, 'Unpaid', '2025-03-31', 'Cash'),
(152, 52, 250.50, 'Paid', '2025-04-01', 'Debit Card'),
(153, 53, 320.30, 'Unpaid', '2025-04-02', 'Credit Card'),
(154, 54, 180.00, 'Paid', '2025-04-03', 'Cash'),
(155, 55, 250.20, 'Paid', '2025-04-04', 'Debit Card'),
(156, 56, 150.30, 'Unpaid', '2025-04-05', 'Credit Card'),
(157, 57, 320.60, 'Paid', '2025-04-06', 'Cash'),
(158, 58, 250.40, 'Paid', '2025-04-07', 'Debit Card'),
(159, 59, 150.00, 'Paid', '2025-04-08', 'Credit Card'),
(160, 60, 200.50, 'Unpaid', '2025-04-09', 'Cash'),
(161, 61, 350.10, 'Paid', '2025-04-10', 'Debit Card'),
(162, 62, 320.30, 'Paid', '2025-04-11', 'Credit Card'),
(163, 63, 250.60, 'Unpaid', '2025-04-12', 'Cash'),
(164, 64, 150.40, 'Paid', '2025-04-13', 'Debit Card'),
(165, 65, 320.50, 'Unpaid', '2025-04-14', 'Credit Card'),
(166, 66, 250.75, 'Paid', '2025-04-15', 'Cash'),
(167, 67, 350.20, 'Paid', '2025-04-16', 'Debit Card'),
(168, 68, 320.10, 'Unpaid', '2025-04-17', 'Credit Card'),
(169, 69, 250.50, 'Paid', '2025-04-18', 'Cash'),
(170, 70, 150.00, 'Paid', '2025-04-19', 'Debit Card'),
(171, 71, 320.60, 'Unpaid', '2025-04-20', 'Credit Card'),
(172, 72, 250.10, 'Paid', '2025-04-21', 'Cash'),
(173, 73, 150.50, 'Paid', '2025-04-22', 'Debit Card'),
(174, 74, 320.50, 'Unpaid', '2025-04-23', 'Credit Card'),
(175, 75, 250.00, 'Paid', '2025-04-24', 'Cash'),
(176, 76, 200.30, 'Paid', '2025-04-25', 'Debit Card'),
(177, 77, 320.75, 'Unpaid', '2025-04-26', 'Credit Card'),
(178, 78, 250.20, 'Paid', '2025-04-27', 'Cash'),
(179, 79, 150.10, 'Paid', '2025-04-28', 'Debit Card'),
(180, 8, 320.50, 'Unpaid', '2025-04-29', 'Credit Card'),
(181, 81, 250.40, 'Paid', '2025-04-30', 'Cash'),
(182, 82, 150.75, 'Paid', '2025-05-01', 'Debit Card'),
(183, 83, 320.20, 'Unpaid', '2025-05-02', 'Credit Card'),
(184, 84, 250.00, 'Paid', '2025-05-03', 'Cash'),
(185, 85, 150.00, 'Paid', '2025-05-04', 'Debit Card'),
(186, 86, 320.50, 'Unpaid', '2025-05-05', 'Credit Card'),
(187, 77, 250.30, 'Paid', '2025-05-06', 'Cash'),
(188, 85, 150.20, 'Paid', '2025-05-07', 'Debit Card'),
(189, 23, 320.40, 'Unpaid', '2025-05-08', 'Credit Card'),
(190, 90, 250.10, 'Paid', '2025-05-09', 'Cash'),
(191, 91, 150.50, 'Paid', '2025-05-10', 'Debit Card'),
(192, 2, 320.30, 'Unpaid', '2025-05-11', 'Credit Card'),
(193, 58, 250.20, 'Paid', '2025-05-12', 'Cash'),
(194, 4, 150.00, 'Paid', '2025-05-13', 'Debit Card'),
(195, 53, 320.60, 'Unpaid', '2025-05-14', 'Credit Card'),
(196, 46, 250.40, 'Paid', '2025-05-15', 'Cash'),
(197, 37, 150.75, 'Paid', '2025-05-16', 'Debit Card'),
(198, 98, 320.50, 'Unpaid', '2025-05-17', 'Credit Card'),
(199, 69, 250.00, 'Paid', '2025-05-18', 'Cash'),
(200, 20, 150.10, 'Paid', '2025-05-19', 'Debit Card');
--done
INSERT INTO Department (DepartmentID, DepartmentName, Location, PhoneExtension) VALUES
(1, 'Cardiology', 'Building A, Floor 1', '1001'),
(2, 'Pediatrics', 'Building B, Floor 2', '1002'),
(3, 'Emergency', 'Building C, Ground Floor', '1003'),
(4, 'Orthopedics', 'Building A, Floor 2', '1004'),
(5, 'Neurology', 'Building B, Floor 3', '1005');
--Done
INSERT INTO Staff (StaffID, FirstName, LastName, Role, DepartmentID, PhoneNumber, Email, ShiftHours) VALUES
(1, 'Alice', 'Johnson', 'Nurse', 1, '1234567890', 'alice.johnson@hospital.com', '08:00-16:00'),
(2, 'Bob', 'Smith', 'Nurse', 2, '1234567891', 'bob.smith@hospital.com', '16:00-00:00'),
(3, 'Catherine', 'Lee', 'Administrator', 3, '1234567892', 'catherine.lee@hospital.com', '09:00-17:00'),
(4, 'Daniel', 'Kim', 'Technician', 4, '1234567893', 'daniel.kim@hospital.com', '07:00-15:00'),
(5, 'Emma', 'Davis', 'Technician', 1, '1234567894', 'emma.davis@hospital.com', '15:00-23:00'),
(6, 'Frank', 'Williams', 'Surgeon', 4, '1234567895', 'frank.williams@hospital.com', '08:00-18:00'),
(7, 'Grace', 'Martinez', 'Nurse', 3, '1234567896', 'grace.martinez@hospital.com', '10:00-18:00'),
(8, 'Hannah', 'Lopez', 'Receptionist', 2, '1234567897', 'hannah.lopez@hospital.com', '06:00-14:00'),
(9, 'Ian', 'Taylor', 'Radiologist', 5, '1234567898', 'ian.taylor@hospital.com', '14:00-22:00'),
(10, 'Jessica', 'Brown', 'Pharmacist', 1, '1234567899', 'jessica.brown@hospital.com', '09:00-17:00'),
(11, 'Kyle', 'Anderson', 'Janitor', 3, '1234567880', 'kyle.anderson@hospital.com', '22:00-06:00'),
(12, 'Laura', 'Thomas', 'Therapist', 2, '1234567881', 'laura.thomas@hospital.com', '08:00-16:00'),
(13, 'Michael', 'Hernandez', 'Nurse', 4, '1234567882', 'michael.hernandez@hospital.com', '16:00-00:00'),
(14, 'Nancy', 'Robinson', 'Nurse', 1, '1234567883', 'nancy.robinson@hospital.com', '12:00-20:00'),
(15, 'Oliver', 'Clark', 'Technician', 3, '1234567884', 'oliver.clark@hospital.com', '09:00-17:00'),
(16, 'Patricia', 'Lewis', 'Administrator', 5, '1234567885', 'patricia.lewis@hospital.com', '08:00-16:00'),
(17, 'Quinn', 'Walker', 'Nurse', 1, '1234567886', 'quinn.walker@hospital.com', '07:00-15:00'),
(18, 'Ryan', 'Hall', 'Pharmacist', 2, '1234567887', 'ryan.hall@hospital.com', '10:00-18:00'),
(19, 'Sophia', 'Allen', 'Janitor', 4, '1234567888', 'sophia.allen@hospital.com', '14:00-22:00'),
(20, 'Thomas', 'Young', 'Surgeon', 5, '1234567889', 'thomas.young@hospital.com', '09:00-19:00'),
(21, 'Uma', 'Harris', 'Therapist', 2, '1234567870', 'uma.harris@hospital.com', '10:00-18:00'),
(22, 'Victor', 'King', 'Nurse', 3, '1234567871', 'victor.king@hospital.com', '08:00-16:00'),
(23, 'Wendy', 'Wright', 'Receptionist', 4, '1234567872', 'wendy.wright@hospital.com', '06:00-14:00'),
(24, 'Xander', 'Scott', 'Nurse', 1, '1234567873', 'xander.scott@hospital.com', '15:00-23:00'),
(25, 'Yvonne', 'Torres', 'Technician', 5, '1234567874', 'yvonne.torres@hospital.com', '07:00-15:00'),
(26, 'Zachary', 'Nguyen', 'Administrator', 1, '1234567875', 'zachary.nguyen@hospital.com', '09:00-17:00'),
(27, 'Aaron', 'Hill', 'Nurse', 2, '1234567876', 'aaron.hill@hospital.com', '16:00-00:00'),
(28, 'Bella', 'Green', 'Surgeon', 3, '1234567877', 'bella.green@hospital.com', '08:00-18:00'),
(29, 'Carlos', 'Adams', 'Technician', 4, '1234567878', 'carlos.adams@hospital.com', '14:00-22:00'),
(30, 'Diana', 'Baker', 'Therapist', 5, '1234567879', 'diana.baker@hospital.com', '09:00-17:00'),
(31, 'Evan', 'Rivera', 'Receptionist', 1, '1234567680', 'evan.rivera@hospital.com', '07:00-15:00'),
(32, 'Fiona', 'Cooper', 'Pharmacist', 2, '1233367861', 'fiona.cooper@hospital.com', '10:00-18:00'),
(33, 'George', 'Garcia', 'Nurse', 3, '1234567862', 'george.garcia@hospital.com', '08:00-16:00'),
(34, 'Helen', 'Reed', 'Janitor', 4, '1234567863', 'helen.reed@hospital.com', '22:00-06:00'),
(35, 'Isaac', 'Morgan', 'Nurse', 5, '1234567864', 'isaac.morgan@hospital.com', '09:00-17:00'),
(36, 'Julia', 'Bell', 'Technician', 1, '1234567865', 'julia.bell@hospital.com', '07:00-15:00'),
(37, 'Kevin', 'Murphy', 'Therapist', 2, '1234567866', 'kevin.murphy@hospital.com', '16:00-00:00'),
(38, 'Lily', 'Bailey', 'Administrator', 3, '1234567867', 'lily.bailey@hospital.com', '09:00-17:00'),
(39, 'Mason', 'Sanders', 'Nurse', 4, '1234567868', 'mason.sanders@hospital.com', '12:00-20:00'),
(40, 'Natalie', 'Flores', 'Pharmacist', 5, '1234567869', 'natalie.flores@hospital.com', '08:00-16:00'),
(41, 'Oscar', 'Butler', 'Receptionist', 1, '1234567850', 'oscar.butler@hospital.com', '06:00-14:00'),
(42, 'Paula', 'Jenkins', 'Technician', 2, '1234567851', 'paula.jenkins@hospital.com', '15:00-23:00'),
(43, 'Quincy', 'Perry', 'Janitor', 3, '1234567852', 'quincy.perry@hospital.com', '14:00-22:00'),
(44, 'Rebecca', 'Long', 'Nurse', 4, '1234567844', 'rebecca.long@hospital.com', '08:00-16:00'),
(45, 'Samuel', 'Russell', 'Surgeon', 5, '1234569954', 'samuel.russell@hospital.com', '09:00-19:00'),
(46, 'Tina', 'Griffin', 'Technician', 1, '1234567855', 'tina.griffin@hospital.com', '10:00-18:00'),
(47, 'Ulysses', 'Hayes', 'Nurse', 2, '1234567006', 'ulysses.hayes@hospital.com', '07:00-15:00'),
(48, 'Vanessa', 'Myers', 'Receptionist', 3, '1234067857', 'vanessa.myers@hospital.com', '09:00-16:00'),
(49, 'Yasir', 'Miller', 'Administrator', 1, '1034567860', 'yasir.miller@hospital.com', '09:00-17:00'),
(50, 'Zara', 'Nelson', 'Technician', 2, '1234067861', 'zara.nelson@hospital.com', '07:00-15:00');
--Done
INSERT INTO Doctor (DoctorID, FirstName, LastName, Specialization, PhoneNumber, Email, DepartmentID, Availability) VALUES
(1, 'John', 'Doe', 'Cardiology', '555-1224', 'johndoe@hospital.com', 1, 1),
(2, 'Jane', 'Smith', 'Pediatrics', '555-2245', 'janesmith@hospital.com', 2, 1),
(3, 'Emily', 'Johnson', 'Orthopedics', '555-3456', 'emilyjohnson@hospital.com', 3, 1),
(4, 'Michael', 'Brown', 'Emergency Medicine', '555-4567', 'michaelbrown@hospital.com', 4, 1),
(5, 'David', 'Davis', 'Cardiology', '555-5678', 'daviddavis@hospital.com', 1, 1),
(6, 'Sarah', 'Miller', 'Pediatrics', '555-6789', 'sarahmiller@hospital.com', 2, 1),
(7, 'James', 'Wilson', 'Orthopedics', '555-7890', 'jameswilson@hospital.com', 3, 1),
(8, 'Linda', 'Moore', 'Emergency Medicine', '555-8901', 'lindamoore@hospital.com', 4, 1),
(9, 'Robert', 'Taylor', 'Cardiology', '555-9012', 'roberttaylor@hospital.com', 1, 1),
(10, 'Patricia', 'Anderson', 'Pediatrics', '555-0123', 'patriciaanderson@hospital.com', 2, 1),
(11, 'Michael', 'Thomas', 'Orthopedics', '555-1234', 'michaelthomas@hospital.com', 3, 1),
(12, 'Elizabeth', 'Jackson', 'Emergency Medicine', '555-2345', 'elizabethjackson@hospital.com', 4, 1),
(13, 'Charles', 'White', 'Cardiology', '555-3455', 'charleswhite@hospital.com', 1, 1),
(14, 'Jessica', 'Harris', 'Pediatrics', '555-8567', 'jessicaharris@hospital.com', 2, 1),
(15, 'Daniel', 'Martin', 'Orthopedics', '555-6678', 'danielmartin@hospital.com', 3, 1),
(16, 'Megan', 'Garcia', 'Emergency Medicine', '555-6790', 'megangarcia@hospital.com', 4, 1),
(17, 'William', 'Rodriguez', 'Cardiology', '555-7891', 'williamrodriguez@hospital.com', 1, 1),
(18, 'Ashley', 'Lee', 'Pediatrics', '555-8902', 'ashleylee@hospital.com', 2, 1),
(19, 'Joseph', 'Walker', 'Orthopedics', '555-9022', 'josephwalker@hospital.com', 3, 1),
(20, 'Mary', 'Allen', 'Emergency Medicine', '555-3123', 'maryallen@hospital.com', 4, 1);
--Done
INSERT INTO Room (RoomID, RoomNumber, DepartmentID, RoomType, AvailabilityStatus) VALUES
(1, '101', 1, 'Private', 'Available'),
(2, '102', 1, 'General', 'Available'),
(3, '103', 1, 'ICU', 'Occupied'),
(4, '104', 2, 'Private', 'Available'),
(5, '105', 2, 'General', 'Occupied'),
(6, '106', 2, 'ICU', 'Available'),
(7, '107', 3, 'Private', 'Occupied'),
(8, '108', 3, 'General', 'Available'),
(9, '109', 3, 'ICU', 'Available'),
(10, '110', 4, 'Private', 'Occupied'),
(11, '111', 4, 'General', 'Available'),
(12, '112', 4, 'ICU', 'Available'),
(13, '113', 1, 'Private', 'Available'),
(14, '114', 1, 'General', 'Occupied'),
(15, '115', 1, 'ICU', 'Available'),
(16, '116', 2, 'Private', 'Occupied'),
(17, '117', 2, 'General', 'Available'),
(18, '118', 3, 'Private', 'Available'),
(19, '119', 3, 'General', 'Occupied'),
(20, '120', 4, 'Private', 'Available');

INSERT INTO Appointment (AppointmentID, PatientID, DoctorID, DepartmentID, AppointmentDate, AppointmentTime, Status) VALUES
(1, 1, 1, 1, CAST('2024-12-01' AS DATE), CAST('09:00:00' AS TIME), 'Scheduled'),
(2, 2, 2, 2, CAST('2024-12-01' AS DATE), CAST('10:00:00' AS TIME), 'Completed'),
(3, 3, 3, 3, CAST('2024-12-02' AS DATE), CAST('11:00:00' AS TIME), 'Scheduled'),
(4, 4, 4, 4, CAST('2024-12-02' AS DATE), CAST('12:00:00' AS TIME), 'Cancelled'),
(5, 5, 1, 1, CAST('2024-12-03' AS DATE), CAST('08:00:00' AS TIME), 'Scheduled'),
(6, 6, 2, 2, CAST('2024-12-03' AS DATE), CAST('09:30:00' AS TIME), 'Completed'),
(7, 7, 3, 3, CAST('2024-12-04' AS DATE), CAST('10:30:00' AS TIME), 'Cancelled'),
(8, 8, 4, 4, CAST('2024-12-04' AS DATE), CAST('11:30:00' AS TIME), 'Scheduled'),
(9, 9, 1, 1, CAST('2024-12-05' AS DATE), CAST('12:00:00' AS TIME), 'Completed'),
(10, 10, 2, 2, CAST('2024-12-05' AS DATE), CAST('13:00:00' AS TIME), 'Scheduled'),
(11, 11, 3, 3, CAST('2024-12-06' AS DATE), CAST('14:00:00' AS TIME), 'Cancelled'),
(12, 12, 4, 4, CAST('2024-12-06' AS DATE), CAST('15:00:00' AS TIME), 'Completed'),
(13, 13, 1, 1, CAST('2024-12-07' AS DATE), CAST('09:00:00' AS TIME), 'Scheduled'),
(14, 14, 2, 2, CAST('2024-12-07' AS DATE), CAST('10:30:00' AS TIME), 'Completed'),
(15, 15, 3, 3, CAST('2024-12-08' AS DATE), CAST('11:30:00' AS TIME), 'Scheduled'),
(16, 16, 4, 4, CAST('2024-12-08' AS DATE), CAST('12:30:00' AS TIME), 'Completed'),
(17, 17, 1, 1, CAST('2024-12-09' AS DATE), CAST('13:30:00' AS TIME), 'Scheduled'),
(18, 18, 2, 2, CAST('2024-12-09' AS DATE), CAST('14:30:00' AS TIME), 'Cancelled'),
(19, 19, 3, 3, CAST('2024-12-10' AS DATE), CAST('15:00:00' AS TIME), 'Completed'),
(20, 20, 4, 4, CAST('2024-12-10' AS DATE), CAST('16:00:00' AS TIME), 'Scheduled'),
(21, 21, 1, 1, CAST('2024-12-11' AS DATE), CAST('09:00:00' AS TIME), 'Scheduled'),
(22, 22, 2, 2, CAST('2024-12-11' AS DATE), CAST('10:00:00' AS TIME), 'Completed'),
(23, 23, 3, 3, CAST('2024-12-12' AS DATE), CAST('11:00:00' AS TIME), 'Cancelled'),
(24, 24, 4, 4, CAST('2024-12-12' AS DATE), CAST('12:00:00' AS TIME), 'Scheduled'),
(25, 25, 1, 1, CAST('2024-12-13' AS DATE), CAST('08:30:00' AS TIME), 'Completed'),
(26, 26, 2, 2, CAST('2024-12-13' AS DATE), CAST('09:30:00' AS TIME), 'Cancelled'),
(27, 27, 3, 3, CAST('2024-12-14' AS DATE), CAST('10:30:00' AS TIME), 'Scheduled'),
(28, 28, 4, 4, CAST('2024-12-14' AS DATE), CAST('11:30:00' AS TIME), 'Completed'),
(29, 29, 1, 1, CAST('2024-12-15' AS DATE), CAST('12:00:00' AS TIME), 'Scheduled'),
(30, 30, 2, 2, CAST('2024-12-15' AS DATE), CAST('13:00:00' AS TIME), 'Cancelled'),
(31, 31, 3, 3, CAST('2024-12-16' AS DATE), CAST('14:00:00' AS TIME), 'Scheduled'),
(32, 32, 4, 4, CAST('2024-12-16' AS DATE), CAST('15:00:00' AS TIME), 'Completed'),
(33, 33, 1, 1, CAST('2024-12-17' AS DATE), CAST('16:00:00' AS TIME), 'Cancelled'),
(34, 34, 2, 2, CAST('2024-12-17' AS DATE), CAST('09:00:00' AS TIME), 'Scheduled'),
(35, 35, 3, 3, CAST('2024-12-18' AS DATE), CAST('10:00:00' AS TIME), 'Completed'),
(36, 36, 4, 4, CAST('2024-12-18' AS DATE), CAST('11:00:00' AS TIME), 'Scheduled'),
(37, 37, 1, 1, CAST('2024-12-19' AS DATE), CAST('12:00:00' AS TIME), 'Cancelled'),
(38, 38, 2, 2, CAST('2024-12-19' AS DATE), CAST('13:00:00' AS TIME), 'Scheduled'),
(39, 39, 3, 3, CAST('2024-12-20' AS DATE), CAST('14:00:00' AS TIME), 'Completed'),
(40, 40, 4, 4, CAST('2024-12-20' AS DATE), CAST('15:00:00' AS TIME), 'Cancelled'),
(41, 41, 1, 1, CAST('2024-12-21' AS DATE), CAST('16:00:00' AS TIME), 'Scheduled'),
(42, 42, 2, 2, CAST('2024-12-21' AS DATE), CAST('09:00:00' AS TIME), 'Completed'),
(43, 43, 3, 3, CAST('2024-12-22' AS DATE), CAST('10:00:00' AS TIME), 'Scheduled'),
(44, 44, 4, 4, CAST('2024-12-22' AS DATE), CAST('11:00:00' AS TIME), 'Cancelled'),
(45, 45, 1, 1, CAST('2024-12-23' AS DATE), CAST('12:00:00' AS TIME), 'Scheduled'),
(46, 46, 2, 2, CAST('2024-12-23' AS DATE), CAST('13:00:00' AS TIME), 'Completed'),
(47, 47, 3, 3, CAST('2024-12-24' AS DATE), CAST('14:00:00' AS TIME), 'Cancelled'),
(48, 48, 4, 4, CAST('2024-12-24' AS DATE), CAST('15:00:00' AS TIME), 'Scheduled'),
(49, 49, 1, 1, CAST('2024-12-25' AS DATE), CAST('16:00:00' AS TIME), 'Completed'),
(50, 50, 2, 2, CAST('2024-12-25' AS DATE), CAST('09:00:00' AS TIME), 'Cancelled'),
(51, 51, 1, 1, CAST('2024-12-26' AS DATE), CAST('09:00:00' AS TIME), 'Scheduled'),
(52, 52, 2, 2, CAST('2024-12-26' AS DATE), CAST('10:00:00' AS TIME), 'Completed'),
(53, 53, 3, 3, CAST('2024-12-27' AS DATE), CAST('11:00:00' AS TIME), 'Cancelled'),
(54, 54, 4, 4, CAST('2024-12-27' AS DATE), CAST('12:00:00' AS TIME), 'Scheduled'),
(55, 55, 1, 1, CAST('2024-12-28' AS DATE), CAST('08:30:00' AS TIME), 'Completed'),
(56, 56, 2, 2, CAST('2024-12-28' AS DATE), CAST('09:30:00' AS TIME), 'Scheduled'),
(57, 57, 3, 3, CAST('2024-12-29' AS DATE), CAST('10:30:00' AS TIME), 'Cancelled'),
(58, 58, 4, 4, CAST('2024-12-29' AS DATE), CAST('11:30:00' AS TIME), 'Completed'),
(59, 59, 1, 1, CAST('2024-12-30' AS DATE), CAST('12:00:00' AS TIME), 'Scheduled'),
(60, 60, 2, 2, CAST('2024-12-30' AS DATE), CAST('13:00:00' AS TIME), 'Completed'),
(61, 61, 3, 3, CAST('2024-12-31' AS DATE), CAST('14:00:00' AS TIME), 'Cancelled'),
(62, 62, 4, 4, CAST('2024-12-31' AS DATE), CAST('15:00:00' AS TIME), 'Scheduled'),
(63, 63, 1, 1, CAST('2025-01-01' AS DATE), CAST('09:00:00' AS TIME), 'Scheduled'),
(64, 64, 2, 2, CAST('2025-01-01' AS DATE), CAST('10:30:00' AS TIME), 'Completed'),
(65, 65, 3, 3, CAST('2025-01-02' AS DATE), CAST('11:30:00' AS TIME), 'Cancelled'),
(66, 66, 4, 4, CAST('2025-01-02' AS DATE), CAST('12:30:00' AS TIME), 'Scheduled'),
(67, 67, 1, 1, CAST('2025-01-03' AS DATE), CAST('13:30:00' AS TIME), 'Completed'),
(68, 68, 2, 2, CAST('2025-01-03' AS DATE), CAST('14:30:00' AS TIME), 'Cancelled'),
(69, 69, 3, 3, CAST('2025-01-04' AS DATE), CAST('15:00:00' AS TIME), 'Scheduled'),
(70, 70, 4, 4, CAST('2025-01-04' AS DATE), CAST('16:00:00' AS TIME), 'Completed'),
(71, 71, 1, 1, CAST('2025-01-05' AS DATE), CAST('09:00:00' AS TIME), 'Cancelled'),
(72, 72, 2, 2, CAST('2025-01-05' AS DATE), CAST('10:00:00' AS TIME), 'Scheduled'),
(73, 73, 3, 3, CAST('2025-01-06' AS DATE), CAST('11:00:00' AS TIME), 'Completed'),
(74, 74, 4, 4, CAST('2025-01-06' AS DATE), CAST('12:00:00' AS TIME), 'Scheduled'),
(75, 75, 1, 1, CAST('2025-01-07' AS DATE), CAST('08:30:00' AS TIME), 'Completed'),
(76, 76, 2, 2, CAST('2025-01-07' AS DATE), CAST('09:30:00' AS TIME), 'Cancelled'),
(77, 77, 3, 3, CAST('2025-01-08' AS DATE), CAST('10:30:00' AS TIME), 'Scheduled'),
(78, 78, 4, 4, CAST('2025-01-08' AS DATE), CAST('11:30:00' AS TIME), 'Completed'),
(79, 79, 1, 1, CAST('2025-01-09' AS DATE), CAST('12:00:00' AS TIME), 'Cancelled'),
(80, 80, 2, 2, CAST('2025-01-09' AS DATE), CAST('13:00:00' AS TIME), 'Scheduled'),
(81, 81, 3, 3, CAST('2025-01-10' AS DATE), CAST('14:00:00' AS TIME), 'Completed'),
(82, 82, 4, 4, CAST('2025-01-10' AS DATE), CAST('15:00:00' AS TIME), 'Cancelled'),
(83, 83, 1, 1, CAST('2025-01-11' AS DATE), CAST('16:00:00' AS TIME), 'Scheduled'),
(84, 84, 2, 2, CAST('2025-01-11' AS DATE), CAST('09:00:00' AS TIME), 'Completed'),
(85, 85, 3, 3, CAST('2025-01-12' AS DATE), CAST('10:00:00' AS TIME), 'Scheduled'),
(86, 86, 4, 4, CAST('2025-01-12' AS DATE), CAST('11:00:00' AS TIME), 'Cancelled'),
(87, 87, 1, 1, CAST('2025-01-13' AS DATE), CAST('12:00:00' AS TIME), 'Scheduled'),
(88, 88, 2, 2, CAST('2025-01-13' AS DATE), CAST('13:00:00' AS TIME), 'Completed'),
(89, 89, 3, 3, CAST('2025-01-14' AS DATE), CAST('14:00:00' AS TIME), 'Cancelled'),
(90, 90, 4, 4, CAST('2025-01-14' AS DATE), CAST('15:00:00' AS TIME), 'Scheduled'),
(91, 91, 1, 1, CAST('2025-01-15' AS DATE), CAST('16:00:00' AS TIME), 'Completed'),
(92, 92, 2, 2, CAST('2025-01-15' AS DATE), CAST('09:00:00' AS TIME), 'Cancelled'),
(93, 93, 3, 3, CAST('2025-01-16' AS DATE), CAST('10:00:00' AS TIME), 'Scheduled'),
(94, 94, 4, 4, CAST('2025-01-16' AS DATE), CAST('11:00:00' AS TIME), 'Completed'),
(95, 95, 1, 1, CAST('2025-01-17' AS DATE), CAST('12:00:00' AS TIME), 'Cancelled'),
(96, 96, 2, 2, CAST('2025-01-17' AS DATE), CAST('13:00:00' AS TIME), 'Scheduled'),
(97, 97, 3, 3, CAST('2025-01-18' AS DATE), CAST('14:00:00' AS TIME), 'Completed'),
(98, 98, 4, 4, CAST('2025-01-18' AS DATE), CAST('15:00:00' AS TIME), 'Cancelled'),
(99, 99, 1, 1, CAST('2025-01-19' AS DATE), CAST('16:00:00' AS TIME), 'Scheduled'),
(100, 100, 2, 2, CAST('2025-01-19' AS DATE), CAST('09:00:00' AS TIME), 'Completed'),
(101, 5, 15, 2, CAST('2024-12-05' AS DATE), CAST('10:30:00' AS TIME), 'Scheduled'),
(102, 8, 14, 3, CAST('2024-12-06' AS DATE), CAST('11:00:00' AS TIME), 'Cancelled'),
(103, 25, 12, 1, CAST('2024-12-07' AS DATE), CAST('09:00:00' AS TIME), 'Completed'),
(104, 7, 13, 4, CAST('2024-12-08' AS DATE), CAST('14:00:00' AS TIME), 'Scheduled'),
(105, 6, 11, 2, CAST('2024-12-09' AS DATE), CAST('15:30:00' AS TIME), 'Completed'),
(106, 12, 20, 3, CAST('2024-12-10' AS DATE), CAST('10:00:00' AS TIME), 'Scheduled'),
(107, 9, 19, 1, CAST('2024-12-11' AS DATE), CAST('08:30:00' AS TIME), 'Completed'),
(108, 15, 18, 4, CAST('2024-12-12' AS DATE), CAST('16:00:00' AS TIME), 'Scheduled'),
(109, 20, 17, 2, CAST('2024-12-13' AS DATE), CAST('09:15:00' AS TIME), 'Completed'),
(110, 30, 16, 3, CAST('2024-12-14' AS DATE), CAST('13:45:00' AS TIME), 'Scheduled'),
(111, 40, 14, 1, CAST('2024-12-15' AS DATE), CAST('15:00:00' AS TIME), 'Cancelled'),
(112, 50, 13, 4, CAST('2024-12-16' AS DATE), CAST('11:30:00' AS TIME), 'Completed'),
(113, 60, 12, 2, CAST('2024-12-17' AS DATE), CAST('08:00:00' AS TIME), 'Scheduled'),
(114, 70, 11, 3, CAST('2024-12-18' AS DATE), CAST('12:15:00' AS TIME), 'Completed'),
(115, 80, 10, 1, CAST('2024-12-19' AS DATE), CAST('09:45:00' AS TIME), 'Scheduled'),
(116, 90, 9, 4, CAST('2024-12-20' AS DATE), CAST('14:30:00' AS TIME), 'Completed'),
(117, 100, 8, 2, CAST('2024-12-21' AS DATE), CAST('13:00:00' AS TIME), 'Cancelled'),
(118, 55, 7, 3, CAST('2024-12-22' AS DATE), CAST('11:00:00' AS TIME), 'Scheduled'),
(119, 65, 6, 1, CAST('2024-12-23' AS DATE), CAST('10:45:00' AS TIME), 'Completed'),
(120, 75, 5, 4, CAST('2024-12-24' AS DATE), CAST('15:00:00' AS TIME), 'Scheduled'),
(121, 85, 4, 2, CAST('2024-12-25' AS DATE), CAST('12:30:00' AS TIME), 'Cancelled'),
(122, 95, 3, 3, CAST('2024-12-26' AS DATE), CAST('08:45:00' AS TIME), 'Completed'),
(123, 25, 2, 1, CAST('2024-12-27' AS DATE), CAST('14:00:00' AS TIME), 'Scheduled'),
(124, 35, 1, 4, CAST('2024-12-28' AS DATE), CAST('10:00:00' AS TIME), 'Completed'),
(125, 45, 20, 2, CAST('2024-12-29' AS DATE), CAST('09:30:00' AS TIME), 'Scheduled'),
(126, 18, 19, 3, CAST('2024-12-30' AS DATE), CAST('11:15:00' AS TIME), 'Completed'),
(127, 12, 18, 1, CAST('2024-12-31' AS DATE), CAST('13:30:00' AS TIME), 'Cancelled'),
(128, 33, 17, 4, CAST('2024-12-31' AS DATE), CAST('16:45:00' AS TIME), 'Scheduled'),
(129, 44, 16, 2, CAST('2025-01-01' AS DATE), CAST('15:15:00' AS TIME), 'Completed'),
(131, 6, 20, 4, CAST('2025-01-03' AS DATE), CAST('09:00:00' AS TIME), 'Scheduled'),
(132, 8, 19, 3, CAST('2025-01-03' AS DATE), CAST('10:30:00' AS TIME), 'Completed'),
(133, 15, 18, 2, CAST('2025-01-04' AS DATE), CAST('14:00:00' AS TIME), 'Cancelled'),
(134, 23, 17, 1, CAST('2025-01-04' AS DATE), CAST('15:15:00' AS TIME), 'Scheduled'),
(135, 32, 16, 4, CAST('2025-01-05' AS DATE), CAST('08:45:00' AS TIME), 'Completed'),
(136, 45, 15, 2, CAST('2025-01-05' AS DATE), CAST('13:00:00' AS TIME), 'Cancelled'),
(137, 56, 14, 3, CAST('2025-01-06' AS DATE), CAST('11:30:00' AS TIME), 'Scheduled'),
(138, 67, 13, 1, CAST('2025-01-06' AS DATE), CAST('09:15:00' AS TIME), 'Completed'),
(139, 78, 12, 4, CAST('2025-01-07' AS DATE), CAST('14:30:00' AS TIME), 'Scheduled'),
(140, 89, 11, 2, CAST('2025-01-07' AS DATE), CAST('10:00:00' AS TIME), 'Completed'),
(141, 99, 10, 3, CAST('2025-01-08' AS DATE), CAST('12:00:00' AS TIME), 'Scheduled'),
(142, 2, 9, 1, CAST('2025-01-08' AS DATE), CAST('08:30:00' AS TIME), 'Cancelled'),
(143, 10, 8, 4, CAST('2025-01-09' AS DATE), CAST('15:30:00' AS TIME), 'Completed'),
(144, 20, 7, 2, CAST('2025-01-09' AS DATE), CAST('09:45:00' AS TIME), 'Scheduled'),
(145, 35, 6, 3, CAST('2025-01-10' AS DATE), CAST('10:30:00' AS TIME), 'Completed'),
(146, 44, 5, 1, CAST('2025-01-10' AS DATE), CAST('11:15:00' AS TIME), 'Cancelled'),
(147, 55, 4, 4, CAST('2025-01-11' AS DATE), CAST('13:45:00' AS TIME), 'Scheduled'),
(148, 60, 3, 2, CAST('2025-01-11' AS DATE), CAST('14:15:00' AS TIME), 'Completed'),
(149, 70, 2, 3, CAST('2025-01-12' AS DATE), CAST('16:00:00' AS TIME), 'Scheduled'),
(150, 85, 1, 1, CAST('2025-01-12' AS DATE), CAST('15:00:00' AS TIME), 'Completed'),
(151, 95, 20, 4, CAST('2025-01-13' AS DATE), CAST('10:30:00' AS TIME), 'Cancelled'),
(152, 3, 19, 2, CAST('2025-01-13' AS DATE), CAST('12:15:00' AS TIME), 'Scheduled'),
(153, 18, 18, 3, CAST('2025-01-14' AS DATE), CAST('14:00:00' AS TIME), 'Completed'),
(154, 25, 17, 1, CAST('2025-01-14' AS DATE), CAST('15:30:00' AS TIME), 'Cancelled'),
(155, 37, 16, 4, CAST('2025-01-15' AS DATE), CAST('09:00:00' AS TIME), 'Scheduled'),
(156, 40, 15, 2, CAST('2025-01-15' AS DATE), CAST('10:45:00' AS TIME), 'Completed'),
(157, 50, 14, 3, CAST('2025-01-16' AS DATE), CAST('13:30:00' AS TIME), 'Cancelled'),
(158, 61, 13, 1, CAST('2025-01-16' AS DATE), CAST('14:45:00' AS TIME), 'Scheduled'),
(159, 73, 12, 4, CAST('2025-01-17' AS DATE), CAST('09:30:00' AS TIME), 'Completed'),
(160, 81, 11, 2, CAST('2025-01-17' AS DATE), CAST('11:00:00' AS TIME), 'Cancelled'),
(161, 5, 10, 3, CAST('2025-01-18' AS DATE), CAST('08:00:00' AS TIME), 'Scheduled'),
(162, 12, 9, 1, CAST('2025-01-18' AS DATE), CAST('16:45:00' AS TIME), 'Completed'),
(163, 22, 8, 4, CAST('2025-01-19' AS DATE), CAST('10:15:00' AS TIME), 'Scheduled'),
(164, 35, 7, 2, CAST('2025-01-19' AS DATE), CAST('15:15:00' AS TIME), 'Cancelled'),
(165, 47, 6, 3, CAST('2025-01-20' AS DATE), CAST('14:30:00' AS TIME), 'Completed'),
(166, 53, 5, 1, CAST('2025-01-20' AS DATE), CAST('09:45:00' AS TIME), 'Scheduled'),
(167, 62, 4, 4, CAST('2025-01-21' AS DATE), CAST('11:45:00' AS TIME), 'Completed'),
(168, 77, 3, 2, CAST('2025-01-21' AS DATE), CAST('08:15:00' AS TIME), 'Cancelled'),
(169, 88, 2, 3, CAST('2025-01-22' AS DATE), CAST('12:30:00' AS TIME), 'Scheduled'),
(170, 99, 1, 1, CAST('2025-01-22' AS DATE), CAST('13:00:00' AS TIME), 'Completed'),
(171, 15, 1, 2, CAST('2025-01-23' AS DATE), CAST('09:00:00' AS TIME), 'Completed'),
(172, 25, 2, 3, CAST('2025-01-23' AS DATE), CAST('10:30:00' AS TIME), 'Cancelled'),
(173, 35, 3, 4, CAST('2025-01-24' AS DATE), CAST('08:00:00' AS TIME), 'Scheduled'),
(174, 45, 4, 1, CAST('2025-01-24' AS DATE), CAST('14:30:00' AS TIME), 'Completed'),
(175, 55, 5, 2, CAST('2025-01-25' AS DATE), CAST('13:45:00' AS TIME), 'Cancelled'),
(176, 65, 6, 3, CAST('2025-01-25' AS DATE), CAST('11:15:00' AS TIME), 'Scheduled'),
(177, 75, 7, 4, CAST('2025-01-26' AS DATE), CAST('09:45:00' AS TIME), 'Completed'),
(178, 85, 8, 1, CAST('2025-01-26' AS DATE), CAST('10:00:00' AS TIME), 'Scheduled'),
(179, 95, 9, 2, CAST('2025-01-27' AS DATE), CAST('15:00:00' AS TIME), 'Cancelled'),
(180, 5, 10, 3, CAST('2025-01-27' AS DATE), CAST('12:30:00' AS TIME), 'Completed'),
(181, 15, 11, 4, CAST('2025-01-28' AS DATE), CAST('13:00:00' AS TIME), 'Scheduled'),
(182, 25, 12, 1, CAST('2025-01-28' AS DATE), CAST('14:15:00' AS TIME), 'Completed'),
(183, 35, 13, 2, CAST('2025-01-29' AS DATE), CAST('09:30:00' AS TIME), 'Cancelled'),
(184, 45, 14, 3, CAST('2025-01-29' AS DATE), CAST('10:45:00' AS TIME), 'Scheduled'),
(185, 55, 15, 4, CAST('2025-01-30' AS DATE), CAST('08:30:00' AS TIME), 'Completed'),
(186, 65, 16, 1, CAST('2025-01-30' AS DATE), CAST('16:00:00' AS TIME), 'Cancelled'),
(187, 75, 17, 2, CAST('2025-01-31' AS DATE), CAST('14:00:00' AS TIME), 'Scheduled'),
(188, 85, 18, 3, CAST('2025-01-31' AS DATE), CAST('12:00:00' AS TIME), 'Completed'),
(189, 95, 19, 4, CAST('2025-02-01' AS DATE), CAST('15:45:00' AS TIME), 'Scheduled'),
(190, 5, 20, 1, CAST('2025-02-01' AS DATE), CAST('11:30:00' AS TIME), 'Cancelled'),
(191, 15, 1, 2, CAST('2025-02-02' AS DATE), CAST('10:30:00' AS TIME), 'Completed'),
(192, 25, 2, 3, CAST('2025-02-02' AS DATE), CAST('09:15:00' AS TIME), 'Scheduled'),
(193, 35, 3, 4, CAST('2025-02-03' AS DATE), CAST('08:45:00' AS TIME), 'Completed'),
(194, 45, 4, 1, CAST('2025-02-03' AS DATE), CAST('15:15:00' AS TIME), 'Cancelled'),
(195, 55, 5, 2, CAST('2025-02-04' AS DATE), CAST('13:00:00' AS TIME), 'Scheduled'),
(196, 65, 6, 3, CAST('2025-02-04' AS DATE), CAST('14:45:00' AS TIME), 'Completed'),
(197, 75, 7, 4, CAST('2025-02-05' AS DATE), CAST('11:00:00' AS TIME), 'Cancelled'),
(198, 85, 8, 1, CAST('2025-02-05' AS DATE), CAST('09:45:00' AS TIME), 'Scheduled'),
(199, 95, 9, 2, CAST('2025-02-06' AS DATE), CAST('12:15:00' AS TIME), 'Completed'),
(200, 5, 10, 3, CAST('2025-02-06' AS DATE), CAST('10:00:00' AS TIME), 'Cancelled'),
(201, 15, 11, 4, CAST('2025-02-07' AS DATE), CAST('16:30:00' AS TIME), 'Scheduled'),
(202, 25, 12, 1, CAST('2025-02-07' AS DATE), CAST('13:45:00' AS TIME), 'Completed'),
(203, 35, 13, 2, CAST('2025-02-08' AS DATE), CAST('15:30:00' AS TIME), 'Cancelled'),
(204, 45, 14, 3, CAST('2025-02-08' AS DATE), CAST('09:30:00' AS TIME), 'Scheduled'),
(205, 55, 15, 4, CAST('2025-02-09' AS DATE), CAST('11:15:00' AS TIME), 'Completed'),
(206, 65, 16, 1, CAST('2025-02-09' AS DATE), CAST('08:00:00' AS TIME), 'Cancelled'),
(207, 75, 17, 2, CAST('2025-02-10' AS DATE), CAST('14:15:00' AS TIME), 'Scheduled'),
(208, 85, 18, 3, CAST('2025-02-10' AS DATE), CAST('13:00:00' AS TIME), 'Completed'),
(209, 95, 19, 4, CAST('2025-02-11' AS DATE), CAST('10:15:00' AS TIME), 'Cancelled'),
(210, 5, 20, 1, CAST('2025-02-11' AS DATE), CAST('16:15:00' AS TIME), 'Scheduled'),
(211, 6, 15, 3, CAST('2025-02-12' AS DATE), CAST('08:30:00' AS TIME), 'Completed'),
(212, 12, 14, 2, CAST('2025-02-12' AS DATE), CAST('09:15:00' AS TIME), 'Scheduled'),
(213, 18, 13, 1, CAST('2025-02-12' AS DATE), CAST('11:45:00' AS TIME), 'Cancelled'),
(214, 22, 12, 4, CAST('2025-02-13' AS DATE), CAST('14:30:00' AS TIME), 'Completed'),
(215, 29, 11, 2, CAST('2025-02-13' AS DATE), CAST('15:15:00' AS TIME), 'Scheduled'),
(216, 31, 10, 3, CAST('2025-02-13' AS DATE), CAST('16:45:00' AS TIME), 'Cancelled'),
(217, 37, 9, 1, CAST('2025-02-14' AS DATE), CAST('08:15:00' AS TIME), 'Completed'),
(218, 41, 8, 4, CAST('2025-02-14' AS DATE), CAST('09:45:00' AS TIME), 'Scheduled'),
(219, 45, 7, 3, CAST('2025-02-14' AS DATE), CAST('11:30:00' AS TIME), 'Cancelled'),
(220, 50, 6, 2, CAST('2025-02-15' AS DATE), CAST('13:00:00' AS TIME), 'Completed'),
(221, 54, 5, 1, CAST('2025-02-15' AS DATE), CAST('15:00:00' AS TIME), 'Scheduled'),
(222, 59, 4, 4, CAST('2025-02-15' AS DATE), CAST('16:00:00' AS TIME), 'Cancelled'),
(223, 64, 3, 3, CAST('2025-02-16' AS DATE), CAST('08:30:00' AS TIME), 'Completed'),
(224, 70, 2, 2, CAST('2025-02-16' AS DATE), CAST('10:45:00' AS TIME), 'Scheduled'),
(225, 75, 1, 1, CAST('2025-02-16' AS DATE), CAST('12:30:00' AS TIME), 'Cancelled'),
(226, 80, 20, 4, CAST('2025-02-17' AS DATE), CAST('14:15:00' AS TIME), 'Completed'),
(227, 85, 19, 3, CAST('2025-02-17' AS DATE), CAST('16:00:00' AS TIME), 'Scheduled'),
(228, 90, 18, 2, CAST('2025-02-17' AS DATE), CAST('09:00:00' AS TIME), 'Cancelled'),
(229, 96, 17, 1, CAST('2025-02-18' AS DATE), CAST('10:30:00' AS TIME), 'Completed'),
(230, 99, 16, 4, CAST('2025-02-18' AS DATE), CAST('11:15:00' AS TIME), 'Scheduled'),
(231, 3, 15, 3, CAST('2025-02-18' AS DATE), CAST('13:30:00' AS TIME), 'Cancelled'),
(232, 8, 14, 2, CAST('2025-02-19' AS DATE), CAST('15:15:00' AS TIME), 'Completed'),
(233, 14, 13, 1, CAST('2025-02-19' AS DATE), CAST('16:45:00' AS TIME), 'Scheduled'),
(234, 20, 12, 4, CAST('2025-02-19' AS DATE), CAST('08:15:00' AS TIME), 'Cancelled'),
(235, 25, 11, 3, CAST('2025-02-20' AS DATE), CAST('09:45:00' AS TIME), 'Completed'),
(236, 30, 10, 2, CAST('2025-02-20' AS DATE), CAST('11:30:00' AS TIME), 'Scheduled'),
(237, 35, 9, 1, CAST('2025-02-20' AS DATE), CAST('13:00:00' AS TIME), 'Cancelled'),
(238, 40, 8, 4, CAST('2025-02-21' AS DATE), CAST('15:00:00' AS TIME), 'Completed'),
(239, 45, 7, 3, CAST('2025-02-21' AS DATE), CAST('16:00:00' AS TIME), 'Scheduled'),
(240, 50, 6, 2, CAST('2025-02-21' AS DATE), CAST('09:30:00' AS TIME), 'Cancelled'),
(241, 55, 5, 1, CAST('2025-02-22' AS DATE), CAST('10:45:00' AS TIME), 'Completed'),
(242, 60, 4, 4, CAST('2025-02-22' AS DATE), CAST('12:15:00' AS TIME), 'Scheduled'),
(243, 65, 3, 3, CAST('2025-02-22' AS DATE), CAST('13:30:00' AS TIME), 'Cancelled'),
(244, 70, 2, 2, CAST('2025-02-23' AS DATE), CAST('15:45:00' AS TIME), 'Completed'),
(245, 75, 1, 1, CAST('2025-02-23' AS DATE), CAST('08:15:00' AS TIME), 'Scheduled'),
(246, 80, 20, 4, CAST('2025-02-23' AS DATE), CAST('09:45:00' AS TIME), 'Cancelled'),
(247, 85, 19, 3, CAST('2025-02-24' AS DATE), CAST('11:30:00' AS TIME), 'Completed'),
(248, 90, 18, 2, CAST('2025-02-24' AS DATE), CAST('13:00:00' AS TIME), 'Scheduled'),
(249, 96, 17, 1, CAST('2025-02-24' AS DATE), CAST('14:15:00' AS TIME), 'Cancelled'),
(250, 99, 16, 4, CAST('2025-02-25' AS DATE), CAST('16:00:00' AS TIME), 'Completed'),
(251, 12, 9, 3, CAST('2025-02-26' AS DATE), CAST('08:30:00' AS TIME), 'Completed'),
(252, 18, 8, 1, CAST('2025-02-26' AS DATE), CAST('09:15:00' AS TIME), 'Scheduled'),
(253, 24, 7, 2, CAST('2025-02-26' AS DATE), CAST('10:45:00' AS TIME), 'Cancelled'),
(254, 31, 6, 4, CAST('2025-02-27' AS DATE), CAST('13:30:00' AS TIME), 'Completed'),
(255, 39, 5, 3, CAST('2025-02-27' AS DATE), CAST('15:00:00' AS TIME), 'Scheduled'),
(256, 46, 4, 1, CAST('2025-02-27' AS DATE), CAST('16:45:00' AS TIME), 'Cancelled'),
(257, 52, 3, 2, CAST('2025-02-28' AS DATE), CAST('08:15:00' AS TIME), 'Completed'),
(258, 60, 2, 4, CAST('2025-02-28' AS DATE), CAST('09:30:00' AS TIME), 'Scheduled'),
(259, 66, 1, 3, CAST('2025-02-28' AS DATE), CAST('11:00:00' AS TIME), 'Cancelled'),
(260, 74, 20, 1, CAST('2025-02-28' AS DATE), CAST('11:00:00' AS TIME), 'Completed'), 
(261, 81, 19, 2, CAST('2025-02-28' AS DATE), CAST('11:00:00' AS TIME), 'Scheduled'), 
(262, 90, 18, 4, CAST('2025-02-28' AS DATE), CAST('11:00:00' AS TIME), 'Cancelled'),
(263, 10, 17, 3, CAST('2025-03-01' AS DATE), CAST('08:45:00' AS TIME), 'Completed'),
(264, 20, 16, 1, CAST('2025-03-01' AS DATE), CAST('09:15:00' AS TIME), 'Scheduled'),
(265, 25, 15, 2, CAST('2025-03-01' AS DATE), CAST('10:30:00' AS TIME), 'Cancelled'),
(266, 35, 14, 4, CAST('2025-03-02' AS DATE), CAST('11:45:00' AS TIME), 'Completed'),
(267, 42, 13, 3, CAST('2025-03-02' AS DATE), CAST('13:00:00' AS TIME), 'Scheduled'),
(268, 50, 12, 1, CAST('2025-03-02' AS DATE), CAST('14:15:00' AS TIME), 'Cancelled'),
(269, 57, 11, 2, CAST('2025-03-03' AS DATE), CAST('15:30:00' AS TIME), 'Completed'),
(270, 66, 10, 4, CAST('2025-03-03' AS DATE), CAST('08:30:00' AS TIME), 'Scheduled'),
(271, 72, 9, 3, CAST('2025-03-03' AS DATE), CAST('10:00:00' AS TIME), 'Cancelled'),
(272, 85, 8, 1, CAST('2025-03-04' AS DATE), CAST('11:15:00' AS TIME), 'Completed'),
(273, 92, 7, 2, CAST('2025-03-04' AS DATE), CAST('12:45:00' AS TIME), 'Scheduled'),
(274, 99, 6, 4, CAST('2025-03-04' AS DATE), CAST('14:00:00' AS TIME), 'Cancelled'),
(275, 5, 5, 3, CAST('2025-03-05' AS DATE), CAST('15:15:00' AS TIME), 'Completed'),
(276, 14, 4, 1, CAST('2025-03-05' AS DATE), CAST('16:30:00' AS TIME), 'Scheduled'),
(277, 22, 3, 2, CAST('2025-03-05' AS DATE), CAST('08:15:00' AS TIME), 'Cancelled'),
(278, 33, 2, 4, CAST('2025-03-06' AS DATE), CAST('09:30:00' AS TIME), 'Completed'),
(279, 40, 1, 3, CAST('2025-03-06' AS DATE), CAST('11:00:00' AS TIME), 'Scheduled'),
(280, 49, 20, 1, CAST('2025-03-06' AS DATE), CAST('12:30:00' AS TIME), 'Cancelled'),
(281, 56, 19, 2, CAST('2025-03-07' AS DATE), CAST('13:45:00' AS TIME), 'Completed'),
(282, 64, 18, 4, CAST('2025-03-07' AS DATE), CAST('15:00:00' AS TIME), 'Scheduled'),
(283, 71, 17, 3, CAST('2025-03-07' AS DATE), CAST('08:30:00' AS TIME), 'Cancelled'),
(284, 80, 16, 1, CAST('2025-03-08' AS DATE), CAST('09:15:00' AS TIME), 'Completed'),
(285, 89, 15, 2, CAST('2025-03-08' AS DATE), CAST('10:30:00' AS TIME), 'Scheduled'),
(286, 97, 14, 4, CAST('2025-03-08' AS DATE), CAST('11:45:00' AS TIME), 'Cancelled'),
(287, 7, 13, 3, CAST('2025-03-09' AS DATE), CAST('13:00:00' AS TIME), 'Completed'),
(288, 17, 12, 1, CAST('2025-03-09' AS DATE), CAST('14:15:00' AS TIME), 'Scheduled'),
(289, 23, 11, 2, CAST('2025-03-09' AS DATE), CAST('15:30:00' AS TIME), 'Cancelled'),
(290, 35, 10, 4, CAST('2025-03-10' AS DATE), CAST('08:30:00' AS TIME), 'Completed'),
(291, 42, 9, 3, CAST('2025-03-10' AS DATE), CAST('10:00:00' AS TIME), 'Scheduled'),
(292, 50, 8, 1, CAST('2025-03-10' AS DATE), CAST('11:15:00' AS TIME), 'Cancelled'),
(293, 57, 7, 2, CAST('2025-03-11' AS DATE), CAST('12:45:00' AS TIME), 'Completed'),
(294, 65, 6, 4, CAST('2025-03-11' AS DATE), CAST('14:00:00' AS TIME), 'Scheduled'),
(295, 70, 5, 3, CAST('2025-03-11' AS DATE), CAST('15:15:00' AS TIME), 'Cancelled'),
(296, 85, 4, 1, CAST('2025-03-12' AS DATE), CAST('16:30:00' AS TIME), 'Completed'),
(297, 92, 3, 2, CAST('2025-03-12' AS DATE), CAST('08:15:00' AS TIME), 'Scheduled'),
(298, 99, 2, 4, CAST('2025-03-12' AS DATE), CAST('09:30:00' AS TIME), 'Cancelled'),
(299, 6, 1, 3, CAST('2025-03-13' AS DATE), CAST('11:00:00' AS TIME), 'Completed'),
(300, 15, 20, 1, CAST('2025-03-13' AS DATE), CAST('12:30:00' AS TIME), 'Scheduled'),
(301, 8, 18, 2, CAST('2025-03-14' AS DATE), CAST('09:00:00' AS TIME), 'Completed'),
(302, 16, 19, 4, CAST('2025-03-14' AS DATE), CAST('10:30:00' AS TIME), 'Cancelled'),
(303, 24, 17, 3, CAST('2025-03-14' AS DATE), CAST('11:45:00' AS TIME), 'Scheduled'),
(304, 32, 16, 1, CAST('2025-03-15' AS DATE), CAST('13:00:00' AS TIME), 'Completed'),
(305, 41, 15, 2, CAST('2025-03-15' AS DATE), CAST('14:15:00' AS TIME), 'Cancelled'),
(306, 47, 14, 4, CAST('2025-03-15' AS DATE), CAST('15:30:00' AS TIME), 'Scheduled'),
(307, 53, 13, 3, CAST('2025-03-16' AS DATE), CAST('08:30:00' AS TIME), 'Completed'),
(308, 61, 12, 1, CAST('2025-03-16' AS DATE), CAST('09:15:00' AS TIME), 'Scheduled'),
(309, 68, 11, 2, CAST('2025-03-16' AS DATE), CAST('10:45:00' AS TIME), 'Cancelled'),
(310, 75, 10, 4, CAST('2025-03-17' AS DATE), CAST('12:00:00' AS TIME), 'Completed'),
(311, 83, 9, 3, CAST('2025-03-17' AS DATE), CAST('13:15:00' AS TIME), 'Scheduled'),
(312, 90, 8, 1, CAST('2025-03-17' AS DATE), CAST('14:30:00' AS TIME), 'Cancelled'),
(313, 2, 7, 2, CAST('2025-03-18' AS DATE), CAST('15:45:00' AS TIME), 'Completed'),
(314, 13, 6, 4, CAST('2025-03-18' AS DATE), CAST('08:00:00' AS TIME), 'Scheduled'),
(315, 21, 5, 3, CAST('2025-03-18' AS DATE), CAST('09:15:00' AS TIME), 'Completed'),
(316, 28, 4, 1, CAST('2025-03-19' AS DATE), CAST('10:30:00' AS TIME), 'Cancelled'),
(317, 37, 3, 2, CAST('2025-03-19' AS DATE), CAST('12:00:00' AS TIME), 'Scheduled'),
(318, 45, 2, 4, CAST('2025-03-19' AS DATE), CAST('13:15:00' AS TIME), 'Completed'),
(319, 54, 1, 3, CAST('2025-03-20' AS DATE), CAST('14:30:00' AS TIME), 'Scheduled'),
(320, 63, 20, 1, CAST('2025-03-20' AS DATE), CAST('15:45:00' AS TIME), 'Completed'),
(321, 70, 19, 2, CAST('2025-03-20' AS DATE), CAST('08:00:00' AS TIME), 'Cancelled'),
(322, 81, 18, 4, CAST('2025-03-21' AS DATE), CAST('09:15:00' AS TIME), 'Scheduled'),
(323, 92, 17, 3, CAST('2025-03-21' AS DATE), CAST('10:30:00' AS TIME), 'Completed'),
(324, 7, 16, 1, CAST('2025-03-21' AS DATE), CAST('12:00:00' AS TIME), 'Cancelled'),
(325, 15, 15, 2, CAST('2025-03-22' AS DATE), CAST('13:15:00' AS TIME), 'Completed'),
(326, 26, 14, 4, CAST('2025-03-22' AS DATE), CAST('14:30:00' AS TIME), 'Scheduled'),
(327, 34, 13, 3, CAST('2025-03-22' AS DATE), CAST('15:45:00' AS TIME), 'Cancelled'),
(328, 49, 12, 1, CAST('2025-03-23' AS DATE), CAST('08:00:00' AS TIME), 'Completed'),
(329, 55, 11, 2, CAST('2025-03-23' AS DATE), CAST('09:15:00' AS TIME), 'Scheduled'),
(330, 67, 10, 4, CAST('2025-03-23' AS DATE), CAST('10:30:00' AS TIME), 'Completed'),
(331, 76, 9, 3, CAST('2025-03-24' AS DATE), CAST('12:00:00' AS TIME), 'Cancelled'),
(332, 82, 8, 1, CAST('2025-03-24' AS DATE), CAST('13:15:00' AS TIME), 'Completed'),
(333, 88, 7, 2, CAST('2025-03-24' AS DATE), CAST('14:30:00' AS TIME), 'Scheduled'),
(334, 1, 6, 4, CAST('2025-03-25' AS DATE), CAST('15:45:00' AS TIME), 'Completed'),
(335, 10, 5, 3, CAST('2025-03-25' AS DATE), CAST('08:00:00' AS TIME), 'Cancelled'),
(336, 19, 4, 1, CAST('2025-03-25' AS DATE), CAST('09:15:00' AS TIME), 'Scheduled'),
(337, 31, 3, 2, CAST('2025-03-26' AS DATE), CAST('10:30:00' AS TIME), 'Completed'),
(338, 46, 2, 4, CAST('2025-03-26' AS DATE), CAST('12:00:00' AS TIME), 'Cancelled'),
(339, 58, 1, 3, CAST('2025-03-26' AS DATE), CAST('13:15:00' AS TIME), 'Scheduled'),
(340, 66, 20, 1, CAST('2025-03-27' AS DATE), CAST('14:30:00' AS TIME), 'Completed'),
(341, 78, 19, 2, CAST('2025-03-27' AS DATE), CAST('15:45:00' AS TIME), 'Cancelled'),
(342, 86, 18, 4, CAST('2025-03-27' AS DATE), CAST('08:00:00' AS TIME), 'Scheduled'),
(343, 93, 17, 3, CAST('2025-03-28' AS DATE), CAST('09:15:00' AS TIME), 'Completed'),
(344, 4, 16, 1, CAST('2025-03-28' AS DATE), CAST('10:30:00' AS TIME), 'Cancelled'),
(345, 14, 15, 2, CAST('2025-03-28' AS DATE), CAST('12:00:00' AS TIME), 'Scheduled'),
(346, 23, 14, 4, CAST('2025-03-29' AS DATE), CAST('13:15:00' AS TIME), 'Completed'),
(347, 35, 13, 3, CAST('2025-03-29' AS DATE), CAST('14:30:00' AS TIME), 'Scheduled'),
(348, 48, 12, 1, CAST('2025-03-29' AS DATE), CAST('15:45:00' AS TIME), 'Completed'),
(349, 57, 11, 2, CAST('2025-03-30' AS DATE), CAST('08:00:00' AS TIME), 'Scheduled'),
(350, 62, 10, 4, CAST('2025-03-30' AS DATE), CAST('09:15:00' AS TIME), 'Completed'),
(351, 2, 19, 3, CAST('2025-03-14' AS DATE), CAST('13:30:00' AS TIME), 'Completed'),
(352, 12, 18, 2, CAST('2025-03-14' AS DATE), CAST('14:45:00' AS TIME), 'Scheduled'),
(353, 22, 17, 4, CAST('2025-03-14' AS DATE), CAST('16:00:00' AS TIME), 'Cancelled'),
(354, 30, 16, 1, CAST('2025-03-15' AS DATE), CAST('08:15:00' AS TIME), 'Completed'),
(355, 40, 15, 2, CAST('2025-03-15' AS DATE), CAST('09:30:00' AS TIME), 'Scheduled'),
(356, 50, 14, 4, CAST('2025-03-15' AS DATE), CAST('10:45:00' AS TIME), 'Cancelled'),
(357, 60, 13, 3, CAST('2025-03-16' AS DATE), CAST('12:00:00' AS TIME), 'Completed'),
(358, 70, 12, 1, CAST('2025-03-16' AS DATE), CAST('13:15:00' AS TIME), 'Scheduled'),
(359, 80, 11, 2, CAST('2025-03-16' AS DATE), CAST('14:30:00' AS TIME), 'Cancelled'),
(360, 90, 10, 4, CAST('2025-03-17' AS DATE), CAST('15:45:00' AS TIME), 'Completed'),
(361, 100, 9, 3, CAST('2025-03-17' AS DATE), CAST('08:00:00' AS TIME), 'Scheduled'),
(362, 1, 8, 1, CAST('2025-03-17' AS DATE), CAST('09:15:00' AS TIME), 'Cancelled'),
(363, 11, 7, 2, CAST('2025-03-18' AS DATE), CAST('10:30:00' AS TIME), 'Completed'),
(364, 21, 6, 4, CAST('2025-03-18' AS DATE), CAST('11:45:00' AS TIME), 'Scheduled'),
(365, 31, 5, 3, CAST('2025-03-18' AS DATE), CAST('13:00:00' AS TIME), 'Cancelled'),
(366, 41, 4, 1, CAST('2025-03-19' AS DATE), CAST('14:15:00' AS TIME), 'Completed'),
(367, 51, 3, 2, CAST('2025-03-19' AS DATE), CAST('15:30:00' AS TIME), 'Scheduled'),
(368, 61, 2, 4, CAST('2025-03-19' AS DATE), CAST('16:45:00' AS TIME), 'Cancelled'),
(369, 71, 1, 3, CAST('2025-03-20' AS DATE), CAST('08:00:00' AS TIME), 'Completed'),
(370, 81, 20, 1, CAST('2025-03-20' AS DATE), CAST('09:15:00' AS TIME), 'Scheduled'),
(371, 91, 19, 2, CAST('2025-03-20' AS DATE), CAST('10:30:00' AS TIME), 'Cancelled'),
(372, 2, 18, 4, CAST('2025-03-21' AS DATE), CAST('11:45:00' AS TIME), 'Completed'),
(373, 12, 17, 3, CAST('2025-03-21' AS DATE), CAST('13:00:00' AS TIME), 'Scheduled'),
(374, 22, 16, 1, CAST('2025-03-21' AS DATE), CAST('14:15:00' AS TIME), 'Cancelled'),
(375, 32, 15, 2, CAST('2025-03-22' AS DATE), CAST('15:30:00' AS TIME), 'Completed'),
(376, 42, 14, 4, CAST('2025-03-22' AS DATE), CAST('16:45:00' AS TIME), 'Scheduled'),
(377, 52, 13, 3, CAST('2025-03-22' AS DATE), CAST('08:00:00' AS TIME), 'Cancelled'),
(378, 62, 12, 1, CAST('2025-03-23' AS DATE), CAST('09:15:00' AS TIME), 'Completed'),
(379, 72, 11, 2, CAST('2025-03-23' AS DATE), CAST('10:30:00' AS TIME), 'Scheduled'),
(380, 82, 10, 4, CAST('2025-03-23' AS DATE), CAST('11:45:00' AS TIME), 'Cancelled'),
(381, 92, 9, 3, CAST('2025-03-24' AS DATE), CAST('13:00:00' AS TIME), 'Completed'),
(382, 100, 8, 1, CAST('2025-03-24' AS DATE), CAST('14:15:00' AS TIME), 'Scheduled'),
(383, 1, 7, 2, CAST('2025-03-24' AS DATE), CAST('15:30:00' AS TIME), 'Cancelled'),
(384, 11, 6, 4, CAST('2025-03-25' AS DATE), CAST('16:45:00' AS TIME), 'Completed'),
(385, 21, 5, 3, CAST('2025-03-25' AS DATE), CAST('08:00:00' AS TIME), 'Scheduled'),
(386, 31, 4, 1, CAST('2025-03-25' AS DATE), CAST('09:15:00' AS TIME), 'Cancelled'),
(387, 41, 3, 2, CAST('2025-03-26' AS DATE), CAST('10:30:00' AS TIME), 'Completed'),
(388, 51, 2, 4, CAST('2025-03-26' AS DATE), CAST('11:45:00' AS TIME), 'Scheduled'),
(389, 61, 1, 3, CAST('2025-03-26' AS DATE), CAST('13:00:00' AS TIME), 'Cancelled'),
(390, 71, 20, 1, CAST('2025-03-27' AS DATE), CAST('14:15:00' AS TIME), 'Completed'),
(391, 81, 19, 2, CAST('2025-03-27' AS DATE), CAST('15:30:00' AS TIME), 'Scheduled'),
(392, 91, 18, 4, CAST('2025-03-27' AS DATE), CAST('16:45:00' AS TIME), 'Cancelled'),
(393, 2, 17, 3, CAST('2025-03-28' AS DATE), CAST('08:00:00' AS TIME), 'Completed'),
(394, 12, 16, 1, CAST('2025-03-28' AS DATE), CAST('09:15:00' AS TIME), 'Scheduled'),
(395, 22, 15, 2, CAST('2025-03-28' AS DATE), CAST('10:30:00' AS TIME), 'Cancelled'),
(396, 32, 14, 4, CAST('2025-03-29' AS DATE), CAST('11:45:00' AS TIME), 'Completed'),
(397, 42, 13, 3, CAST('2025-03-29' AS DATE), CAST('13:00:00' AS TIME), 'Scheduled'),
(398, 52, 12, 1, CAST('2025-03-29' AS DATE), CAST('14:15:00' AS TIME), 'Cancelled'),
(399, 62, 11, 2, CAST('2025-03-30' AS DATE), CAST('15:30:00' AS TIME), 'Completed'),
(400, 72, 10, 4, CAST('2025-03-30' AS DATE), CAST('16:45:00' AS TIME), 'Scheduled'),
(401, 82, 9, 3, CAST('2025-03-30' AS DATE), CAST('08:00:00' AS TIME), 'Cancelled'),
(402, 92, 8, 1, CAST('2025-03-31' AS DATE), CAST('09:15:00' AS TIME), 'Completed'),
(403, 100, 7, 2, CAST('2025-03-31' AS DATE), CAST('10:30:00' AS TIME), 'Scheduled'),
(404, 1, 6, 4, CAST('2025-03-31' AS DATE), CAST('11:45:00' AS TIME), 'Cancelled'),
(405, 11, 5, 3, CAST('2025-04-01' AS DATE), CAST('13:00:00' AS TIME), 'Completed'),
(406, 21, 4, 1, CAST('2025-04-01' AS DATE), CAST('14:15:00' AS TIME), 'Scheduled'),
(407, 31, 3, 2, CAST('2025-04-01' AS DATE), CAST('15:30:00' AS TIME), 'Cancelled'),
(408, 41, 2, 4, CAST('2025-04-02' AS DATE), CAST('16:45:00' AS TIME), 'Completed'),
(409, 51, 1, 3, CAST('2025-04-02' AS DATE), CAST('08:00:00' AS TIME), 'Scheduled'),
(410, 61, 20, 1, CAST('2025-04-02' AS DATE), CAST('09:15:00' AS TIME), 'Cancelled'),
(411, 71, 19, 2, CAST('2025-04-03' AS DATE), CAST('10:30:00' AS TIME), 'Completed'),
(412, 81, 18, 4, CAST('2025-04-03' AS DATE), CAST('11:45:00' AS TIME), 'Scheduled'),
(413, 91, 17, 3, CAST('2025-04-03' AS DATE), CAST('13:00:00' AS TIME), 'Cancelled'),
(414, 2, 16, 1, CAST('2025-04-04' AS DATE), CAST('14:15:00' AS TIME), 'Completed'),
(415, 12, 15, 2, CAST('2025-04-04' AS DATE), CAST('15:30:00' AS TIME), 'Scheduled'),
(416, 22, 14, 4, CAST('2025-04-04' AS DATE), CAST('16:45:00' AS TIME), 'Cancelled'),
(417, 32, 13, 3, CAST('2025-04-05' AS DATE), CAST('08:00:00' AS TIME), 'Completed'),
(418, 42, 12, 1, CAST('2025-04-05' AS DATE), CAST('09:15:00' AS TIME), 'Scheduled'),
(419, 52, 11, 2, CAST('2025-04-05' AS DATE), CAST('10:30:00' AS TIME), 'Cancelled'),
(420, 62, 10, 4, CAST('2025-04-06' AS DATE), CAST('11:45:00' AS TIME), 'Completed'),
(421, 72, 9, 3, CAST('2025-04-06' AS DATE), CAST('13:00:00' AS TIME), 'Scheduled'),
(422, 82, 8, 1, CAST('2025-04-06' AS DATE), CAST('14:15:00' AS TIME), 'Cancelled'),
(423, 92, 7, 2, CAST('2025-04-07' AS DATE), CAST('15:30:00' AS TIME), 'Completed'),
(424, 100, 6, 4, CAST('2025-04-07' AS DATE), CAST('16:45:00' AS TIME), 'Scheduled'),
(425, 1, 5, 3, CAST('2025-04-07' AS DATE), CAST('08:00:00' AS TIME), 'Cancelled'),
(426, 11, 4, 1, CAST('2025-04-08' AS DATE), CAST('09:15:00' AS TIME), 'Completed'),
(427, 21, 3, 2, CAST('2025-04-08' AS DATE), CAST('10:30:00' AS TIME), 'Scheduled'),
(428, 31, 2, 4, CAST('2025-04-08' AS DATE), CAST('11:45:00' AS TIME), 'Cancelled'),
(429, 41, 1, 3, CAST('2025-04-09' AS DATE), CAST('13:00:00' AS TIME), 'Completed'),
(430, 51, 20, 1, CAST('2025-04-09' AS DATE), CAST('14:15:00' AS TIME), 'Scheduled'),
(431, 61, 19, 2, CAST('2025-04-09' AS DATE), CAST('15:30:00' AS TIME), 'Cancelled'),
(432, 71, 18, 4, CAST('2025-04-10' AS DATE), CAST('16:45:00' AS TIME), 'Completed'),
(433, 81, 17, 3, CAST('2025-04-10' AS DATE), CAST('08:00:00' AS TIME), 'Scheduled'),
(434, 91, 16, 1, CAST('2025-04-10' AS DATE), CAST('09:15:00' AS TIME), 'Cancelled'),
(435, 2, 15, 2, CAST('2025-04-11' AS DATE), CAST('10:30:00' AS TIME), 'Completed'),
(436, 12, 14, 4, CAST('2025-04-11' AS DATE), CAST('11:45:00' AS TIME), 'Scheduled'),
(437, 22, 13, 3, CAST('2025-04-11' AS DATE), CAST('13:00:00' AS TIME), 'Cancelled'),
(438, 32, 12, 1, CAST('2025-04-12' AS DATE), CAST('14:15:00' AS TIME), 'Completed'),
(439, 42, 11, 2, CAST('2025-04-12' AS DATE), CAST('15:30:00' AS TIME), 'Scheduled'),
(440, 52, 10, 4, CAST('2025-04-12' AS DATE), CAST('16:45:00' AS TIME), 'Cancelled'),
(441, 62, 9, 3, CAST('2025-04-13' AS DATE), CAST('08:00:00' AS TIME), 'Completed'),
(442, 72, 8, 1, CAST('2025-04-13' AS DATE), CAST('09:15:00' AS TIME), 'Scheduled'),
(443, 82, 7, 2, CAST('2025-04-13' AS DATE), CAST('10:30:00' AS TIME), 'Cancelled'),
(444, 92, 6, 4, CAST('2025-04-14' AS DATE), CAST('11:45:00' AS TIME), 'Completed'),
(445, 100, 5, 3, CAST('2025-04-14' AS DATE), CAST('13:00:00' AS TIME), 'Scheduled'),
(446, 1, 4, 1, CAST('2025-04-14' AS DATE), CAST('14:15:00' AS TIME), 'Cancelled'),
(447, 11, 3, 2, CAST('2025-04-15' AS DATE), CAST('15:30:00' AS TIME), 'Completed'),
(448, 21, 2, 4, CAST('2025-04-15' AS DATE), CAST('16:45:00' AS TIME), 'Scheduled'),
(449, 31, 1, 3, CAST('2025-04-15' AS DATE), CAST('08:00:00' AS TIME), 'Cancelled'),
(450, 41, 20, 1, CAST('2025-04-16' AS DATE), CAST('09:15:00' AS TIME), 'Completed'),
(451, 51, 19, 2, CAST('2025-04-16' AS DATE), CAST('10:30:00' AS TIME), 'Scheduled'),
(452, 61, 18, 4, CAST('2025-04-16' AS DATE), CAST('11:45:00' AS TIME), 'Cancelled'),
(453, 71, 17, 3, CAST('2025-04-17' AS DATE), CAST('13:00:00' AS TIME), 'Completed'),
(454, 81, 16, 1, CAST('2025-04-17' AS DATE), CAST('14:15:00' AS TIME), 'Scheduled'),
(455, 91, 15, 2, CAST('2025-04-17' AS DATE), CAST('15:30:00' AS TIME), 'Cancelled'),
(456, 2, 14, 4, CAST('2025-04-18' AS DATE), CAST('16:45:00' AS TIME), 'Completed'),
(457, 12, 13, 3, CAST('2025-04-18' AS DATE), CAST('08:00:00' AS TIME), 'Scheduled'),
(458, 22, 12, 1, CAST('2025-04-18' AS DATE), CAST('09:15:00' AS TIME), 'Cancelled'),
(459, 32, 11, 2, CAST('2025-04-19' AS DATE), CAST('10:30:00' AS TIME), 'Completed'),
(460, 42, 10, 4, CAST('2025-04-19' AS DATE), CAST('11:45:00' AS TIME), 'Scheduled'),
(461, 52, 9, 3, CAST('2025-04-19' AS DATE), CAST('13:00:00' AS TIME), 'Cancelled'),
(462, 62, 8, 1, CAST('2025-04-20' AS DATE), CAST('14:15:00' AS TIME), 'Completed'),
(463, 72, 7, 2, CAST('2025-04-20' AS DATE), CAST('15:30:00' AS TIME), 'Scheduled'),
(464, 82, 6, 4, CAST('2025-04-20' AS DATE), CAST('16:45:00' AS TIME), 'Cancelled'),
(465, 92, 5, 3, CAST('2025-04-21' AS DATE), CAST('08:00:00' AS TIME), 'Completed'),
(466, 100, 4, 1, CAST('2025-04-21' AS DATE), CAST('09:15:00' AS TIME), 'Scheduled'),
(467, 1, 3, 2, CAST('2025-04-21' AS DATE), CAST('10:30:00' AS TIME), 'Cancelled'),
(468, 11, 2, 4, CAST('2025-04-22' AS DATE), CAST('11:45:00' AS TIME), 'Completed'),
(469, 21, 1, 3, CAST('2025-04-22' AS DATE), CAST('13:00:00' AS TIME), 'Scheduled'),
(470, 31, 20, 1, CAST('2025-04-22' AS DATE), CAST('14:15:00' AS TIME), 'Cancelled'),
(471, 41, 19, 2, CAST('2025-04-23' AS DATE), CAST('15:30:00' AS TIME), 'Completed'),
(472, 51, 18, 4, CAST('2025-04-23' AS DATE), CAST('16:45:00' AS TIME), 'Scheduled'),
(473, 61, 17, 3, CAST('2025-04-23' AS DATE), CAST('08:00:00' AS TIME), 'Cancelled'),
(474, 71, 16, 1, CAST('2025-04-24' AS DATE), CAST('09:15:00' AS TIME), 'Completed'),
(475, 81, 15, 2, CAST('2025-04-24' AS DATE), CAST('10:30:00' AS TIME), 'Scheduled'),
(476, 91, 14, 4, CAST('2025-04-24' AS DATE), CAST('11:45:00' AS TIME), 'Cancelled'),
(477, 2, 13, 3, CAST('2025-04-25' AS DATE), CAST('13:00:00' AS TIME), 'Completed'),
(478, 12, 12, 1, CAST('2025-04-25' AS DATE), CAST('14:15:00' AS TIME), 'Scheduled'),
(479, 22, 11, 2, CAST('2025-04-25' AS DATE), CAST('15:30:00' AS TIME), 'Cancelled'),
(480, 32, 10, 4, CAST('2025-04-26' AS DATE), CAST('16:45:00' AS TIME), 'Completed'),
(481, 42, 9, 3, CAST('2025-04-26' AS DATE), CAST('08:00:00' AS TIME), 'Scheduled'),
(482, 52, 8, 1, CAST('2025-04-26' AS DATE), CAST('09:15:00' AS TIME), 'Cancelled'),
(483, 62, 7, 2, CAST('2025-04-27' AS DATE), CAST('10:30:00' AS TIME), 'Completed'),
(484, 72, 6, 4, CAST('2025-04-27' AS DATE), CAST('11:45:00' AS TIME), 'Scheduled'),
(485, 82, 5, 3, CAST('2025-04-27' AS DATE), CAST('13:00:00' AS TIME), 'Cancelled'),
(486, 92, 4, 1, CAST('2025-04-28' AS DATE), CAST('14:15:00' AS TIME), 'Completed'),
(487, 100, 3, 2, CAST('2025-04-28' AS DATE), CAST('15:30:00' AS TIME), 'Scheduled'),
(488, 1, 2, 4, CAST('2025-04-28' AS DATE), CAST('16:45:00' AS TIME), 'Cancelled'),
(489, 11, 1, 3, CAST('2025-04-29' AS DATE), CAST('08:00:00' AS TIME), 'Completed'),
(490, 21, 20, 1, CAST('2025-04-29' AS DATE), CAST('09:15:00' AS TIME), 'Scheduled'),
(491, 31, 19, 2, CAST('2025-04-29' AS DATE), CAST('10:30:00' AS TIME), 'Cancelled'),
(492, 41, 18, 4, CAST('2025-04-30' AS DATE), CAST('11:45:00' AS TIME), 'Completed'),
(493, 51, 17, 3, CAST('2025-04-30' AS DATE), CAST('13:00:00' AS TIME), 'Scheduled'),
(494, 61, 16, 1, CAST('2025-04-30' AS DATE), CAST('14:15:00' AS TIME), 'Cancelled'),
(495, 71, 15, 2, CAST('2025-04-30' AS DATE), CAST('15:30:00' AS TIME), 'Completed'),
(496, 81, 14, 4, CAST('2025-05-01' AS DATE), CAST('08:00:00' AS TIME), 'Scheduled'),
(497, 91, 13, 3, CAST('2025-05-01' AS DATE), CAST('09:15:00' AS TIME), 'Cancelled'),
(498, 2, 12, 1, CAST('2025-05-01' AS DATE), CAST('10:30:00' AS TIME), 'Completed'),
(499, 12, 11, 2, CAST('2025-05-01' AS DATE), CAST('11:45:00' AS TIME), 'Scheduled'),
(500, 22, 10, 4, CAST('2025-05-02' AS DATE), CAST('13:00:00' AS TIME), 'Cancelled');







--Done
INSERT INTO Medical_Record (RecordID, PatientID, DoctorID, VisitDate, Diagnosis, TreatmentPlan, Prescription) VALUES
(1, 1, 1, '2025-01-01', 'Flu', 'Rest, fluids, and over-the-counter pain relievers', 'Paracetamol'),
(2, 2, 2, '2025-01-02', 'Diabetes', 'Diet change and insulin therapy', 'Insulin'),
(3, 3, 3, '2025-01-03', 'Hypertension', 'Blood pressure medication', 'Amlodipine'),
(4, 4, 4, '2025-01-04', 'Asthma', 'Inhaler use and avoid triggers', 'Salbutamol'),
(5, 5, 5, '2025-01-05', 'Migraine', 'Pain management with rest', 'Sumatriptan'),
(6, 6, 6, '2025-01-06', 'Allergic Rhinitis', 'Antihistamines and nasal spray', 'Cetirizine'),
(7, 7, 7, '2025-01-07', 'Anxiety', 'Cognitive behavioral therapy and medication', 'Sertraline'),
(8, 8, 8, '2025-01-08', 'Back Pain', 'Physical therapy and pain relievers', 'Ibuprofen'),
(9, 9, 9, '2025-01-09', 'Pneumonia', 'Antibiotics and rest', 'Amoxicillin'),
(10, 10, 10, '2025-01-10', 'Chronic Bronchitis', 'Bronchodilators and steroids', 'Albuterol'),
(11, 11, 11, '2025-01-11', 'Gastritis', 'Antacids and dietary changes', 'Omeprazole'),
(12, 12, 12, '2025-01-12', 'Depression', 'Therapy and antidepressants', 'Fluoxetine'),
(13, 13, 13, '2025-01-13', 'Osteoarthritis', 'Physical therapy and pain management', 'Diclofenac'),
(14, 14, 14, '2025-01-14', 'Stroke', 'Rehabilitation and blood thinners', 'Aspirin'),
(15, 15, 15, '2025-01-15', 'Heart Disease', 'Surgery and lifestyle changes', 'Statins'),
(16, 16, 16, '2025-01-16', 'Cold', 'Rest and hydration', 'No prescription'),
(17, 17, 17, '2025-01-17', 'Rheumatoid Arthritis', 'Pain relievers and anti-inflammatory drugs', 'Methotrexate'),
(18, 18, 18, '2025-01-18', 'Peptic Ulcer', 'Avoid spicy foods and take antacids', 'Ranitidine'),
(19, 19, 19, '2025-01-19', 'Thyroid Disorder', 'Thyroid hormone therapy', 'Levothyroxine'),
(20, 20, 20, '2025-01-20', 'Chronic Fatigue Syndrome', 'Sleep hygiene and low-impact exercise', 'No prescription'),
(21, 1, 2, '2025-01-21', 'Diabetes', 'Insulin adjustment and diet monitoring', 'Metformin'),
(22, 2, 3, '2025-01-22', 'Hypertension', 'Increase exercise and adjust medication', 'Losartan'),
(23, 3, 4, '2025-01-23', 'Asthma', 'Review inhaler technique and avoid allergens', 'Fluticasone'),
(24, 4, 5, '2025-01-24', 'Migraine', 'Preventative treatment and lifestyle changes', 'Topiramate'),
(25, 5, 6, '2025-01-25', 'Allergic Rhinitis', 'Allergen avoidance and corticosteroid nasal spray', 'Fluticasone Propionate'),
(26, 6, 7, '2025-01-26', 'Anxiety', 'Meditation and medication adjustment', 'Lorazepam'),
(27, 7, 8, '2025-01-27', 'Back Pain', 'Strengthening exercises and ice packs', 'Acetaminophen'),
(28, 8, 9, '2025-01-28', 'Pneumonia', 'Complete course of antibiotics and rest', 'Ciprofloxacin'),
(29, 9, 10, '2025-01-29', 'Chronic Bronchitis', 'Inhalers and chest physiotherapy', 'Ipratropium'),
(30, 10, 11, '2025-01-30', 'Gastritis', 'Avoid alcohol and NSAIDs', 'Lansoprazole'),
(31, 11, 12, '2025-02-01', 'Depression', 'Increase dosage and continue therapy', 'Escitalopram'),
(32, 12, 13, '2025-02-02', 'Osteoarthritis', 'Strengthening exercises and NSAIDs', 'Celecoxib'),
(33, 13, 14, '2025-02-03', 'Stroke', 'Follow-up with neurology and physiotherapy', 'Clopidogrel'),
(34, 14, 15, '2025-02-04', 'Heart Disease', 'Medication review and weight loss plan', 'Atorvastatin'),
(35, 15, 16, '2025-02-05', 'Cold', 'Stay hydrated and avoid cold environments', 'No prescription'),
(36, 16, 17, '2025-02-06', 'Rheumatoid Arthritis', 'Physical therapy and methotrexate', 'Methotrexate'),
(37, 17, 18, '2025-02-07', 'Peptic Ulcer', 'Avoid stress and spicy food', 'Esomeprazole'),
(38, 18, 19, '2025-02-08', 'Thyroid Disorder', 'Monitor thyroid levels', 'Levothyroxine'),
(39, 19, 20, '2025-02-09', 'Chronic Fatigue Syndrome', 'Consult with sleep specialist', 'No prescription'),
(40, 20, 1, '2025-02-10', 'Flu', 'Rest and over-the-counter medication', 'Paracetamol'),
(41, 21, 2, '2025-02-11', 'Diabetes', 'Diet change and insulin therapy', 'Insulin'),
(42, 22, 3, '2025-02-12', 'Hypertension', 'Blood pressure medication', 'Amlodipine'),
(43, 23, 4, '2025-02-13', 'Asthma', 'Inhaler use and avoid triggers', 'Salbutamol'),
(44, 24, 5, '2025-02-14', 'Migraine', 'Pain management with rest', 'Sumatriptan'),
(45, 25, 6, '2025-02-15', 'Allergic Rhinitis', 'Antihistamines and nasal spray', 'Cetirizine'),
(46, 26, 7, '2025-02-16', 'Anxiety', 'Cognitive behavioral therapy and medication', 'Sertraline'),
(47, 27, 8, '2025-02-17', 'Back Pain', 'Physical therapy and pain relievers', 'Ibuprofen'),
(48, 28, 9, '2025-02-18', 'Pneumonia', 'Antibiotics and rest', 'Amoxicillin'),
(49, 29, 10, '2025-02-19', 'Chronic Bronchitis', 'Bronchodilators and steroids', 'Albuterol'),
(50, 30, 11, '2025-02-20', 'Gastritis', 'Antacids and dietary changes', 'Omeprazole'),
(51, 31, 2, '2025-02-21', 'Diabetes', 'Diet change and insulin therapy', 'Insulin'),
(52, 32, 3, '2025-02-22', 'Hypertension', 'Blood pressure medication', 'Amlodipine'),
(53, 33, 4, '2025-02-23', 'Asthma', 'Inhaler use and avoid triggers', 'Salbutamol'),
(54, 34, 5, '2025-02-24', 'Migraine', 'Pain management with rest', 'Sumatriptan'),
(55, 35, 6, '2025-02-25', 'Allergic Rhinitis', 'Antihistamines and nasal spray', 'Cetirizine'),
(56, 36, 7, '2025-02-26', 'Anxiety', 'Cognitive behavioral therapy and medication', 'Sertraline'),
(57, 37, 8, '2025-02-27', 'Back Pain', 'Physical therapy and pain relievers', 'Ibuprofen'),
(58, 38, 9, '2025-02-28', 'Pneumonia', 'Antibiotics and rest', 'Amoxicillin'),
(59, 39, 10, '2025-03-01', 'Chronic Bronchitis', 'Bronchodilators and steroids', 'Albuterol'),
(60, 40, 11, '2025-03-02', 'Gastritis', 'Antacids and dietary changes', 'Omeprazole'),
(61, 41, 12, '2025-03-03', 'Depression', 'Therapy and antidepressants', 'Fluoxetine'),
(62, 42, 13, '2025-03-04', 'Osteoarthritis', 'Physical therapy and pain management', 'Diclofenac'),
(63, 43, 14, '2025-03-05', 'Stroke', 'Rehabilitation and blood thinners', 'Aspirin'),
(64, 44, 15, '2025-03-06', 'Heart Disease', 'Surgery and lifestyle changes', 'Statins'),
(65, 45, 16, '2025-03-07', 'Cold', 'Rest and hydration', 'No prescription'),
(66, 46, 17, '2025-03-08', 'Rheumatoid Arthritis', 'Pain relievers and anti-inflammatory drugs', 'Methotrexate'),
(67, 47, 18, '2025-03-09', 'Peptic Ulcer', 'Avoid spicy foods and take antacids', 'Ranitidine'),
(68, 48, 19, '2025-03-10', 'Thyroid Disorder', 'Thyroid hormone therapy', 'Levothyroxine'),
(69, 49, 20, '2025-03-11', 'Chronic Fatigue Syndrome', 'Sleep hygiene and low-impact exercise', 'No prescription'),
(70, 50, 1, '2025-03-12', 'Flu', 'Rest and over-the-counter medication', 'Paracetamol'),
(71, 51, 2, '2025-03-13', 'Diabetes', 'Insulin adjustment and diet monitoring', 'Metformin'),
(72, 52, 3, '2025-03-14', 'Hypertension', 'Increase exercise and adjust medication', 'Losartan'),
(73, 53, 4, '2025-03-15', 'Asthma', 'Review inhaler technique and avoid allergens', 'Fluticasone'),
(74, 54, 5, '2025-03-16', 'Migraine', 'Preventative treatment and lifestyle changes', 'Topiramate'),
(75, 55, 6, '2025-03-17', 'Allergic Rhinitis', 'Allergen avoidance and corticosteroid nasal spray', 'Fluticasone Propionate'),
(76, 56, 7, '2025-03-18', 'Anxiety', 'Meditation and medication adjustment', 'Lorazepam'),
(77, 57, 8, '2025-03-19', 'Back Pain', 'Strengthening exercises and ice packs', 'Acetaminophen'),
(78, 58, 9, '2025-03-20', 'Pneumonia', 'Complete course of antibiotics and rest', 'Ciprofloxacin'),
(79, 59, 10, '2025-03-21', 'Chronic Bronchitis', 'Inhalers and chest physiotherapy', 'Ipratropium'),
(80, 60, 11, '2025-03-22', 'Gastritis', 'Avoid alcohol and NSAIDs', 'Lansoprazole'),
(81, 61, 12, '2025-03-23', 'Depression', 'Increase dosage and continue therapy', 'Escitalopram'),
(82, 62, 13, '2025-03-24', 'Osteoarthritis', 'Strengthening exercises and NSAIDs', 'Celecoxib'),
(83, 63, 14, '2025-03-25', 'Stroke', 'Follow-up with neurology and physiotherapy', 'Clopidogrel'),
(84, 64, 15, '2025-03-26', 'Heart Disease', 'Medication review and weight loss plan', 'Atorvastatin'),
(85, 65, 16, '2025-03-27', 'Cold', 'Stay hydrated and avoid cold environments', 'No prescription'),
(86, 66, 17, '2025-03-28', 'Rheumatoid Arthritis', 'Physical therapy and methotrexate', 'Methotrexate'),
(87, 67, 18, '2025-03-29', 'Peptic Ulcer', 'Avoid stress and spicy food', 'Esomeprazole'),
(88, 68, 19, '2025-03-30', 'Thyroid Disorder', 'Monitor thyroid levels', 'Levothyroxine'),
(89, 69, 20, '2025-03-31', 'Chronic Fatigue Syndrome', 'Consult with sleep specialist', 'No prescription'),
(90, 70, 1, '2025-04-01', 'Flu', 'Rest and over-the-counter medication', 'Paracetamol'),
(91, 71, 2, '2025-04-02', 'Diabetes', 'Diet change and insulin therapy', 'Insulin'),
(92, 72, 3, '2025-04-03', 'Hypertension', 'Blood pressure medication', 'Amlodipine'),
(93, 73, 4, '2025-04-04', 'Asthma', 'Inhaler use and avoid triggers', 'Salbutamol'),
(94, 74, 5, '2025-04-05', 'Migraine', 'Pain management with rest', 'Sumatriptan'),
(95, 75, 6, '2025-04-06', 'Allergic Rhinitis', 'Antihistamines and nasal spray', 'Cetirizine'),
(96, 76, 7, '2025-04-07', 'Anxiety', 'Cognitive behavioral therapy and medication', 'Sertraline'),
(97, 77, 8, '2025-04-08', 'Back Pain', 'Physical therapy and pain relievers', 'Ibuprofen'),
(98, 78, 9, '2025-04-09', 'Pneumonia', 'Antibiotics and rest', 'Amoxicillin'),
(99, 79, 10, '2025-04-10', 'Chronic Bronchitis', 'Bronchodilators and steroids', 'Albuterol'),
(100, 80, 11, '2025-04-11', 'Gastritis', 'Antacids and dietary changes', 'Omeprazole'),
(101, 81, 12, '2025-04-12', 'Depression', 'Therapy and antidepressants', 'Fluoxetine'),
(102, 82, 13, '2025-04-13', 'Osteoarthritis', 'Physical therapy and pain management', 'Diclofenac'),
(103, 83, 14, '2025-04-14', 'Stroke', 'Rehabilitation and blood thinners', 'Aspirin'),
(104, 84, 15, '2025-04-15', 'Heart Disease', 'Surgery and lifestyle changes', 'Statins'),
(105, 85, 16, '2025-04-16', 'Cold', 'Rest and hydration', 'No prescription'),
(106, 86, 17, '2025-04-17', 'Rheumatoid Arthritis', 'Pain relievers and anti-inflammatory drugs', 'Methotrexate'),
(107, 87, 18, '2025-04-18', 'Peptic Ulcer', 'Avoid spicy foods and take antacids', 'Ranitidine'),
(108, 88, 19, '2025-04-19', 'Thyroid Disorder', 'Thyroid hormone therapy', 'Levothyroxine'),
(109, 89, 20, '2025-04-20', 'Chronic Fatigue Syndrome', 'Sleep hygiene and low-impact exercise', 'No prescription'),
(110, 90, 1, '2025-04-21', 'Flu', 'Rest and over-the-counter medication', 'Paracetamol'),
(111, 91, 2, '2025-04-22', 'Diabetes', 'Diet change and insulin therapy', 'Insulin'),
(112, 92, 3, '2025-04-23', 'Hypertension', 'Blood pressure medication', 'Amlodipine'),
(113, 93, 4, '2025-04-24', 'Asthma', 'Inhaler use and avoid triggers', 'Salbutamol'),
(114, 94, 5, '2025-04-25', 'Migraine', 'Pain management with rest', 'Sumatriptan'),
(115, 95, 6, '2025-04-26', 'Allergic Rhinitis', 'Antihistamines and nasal spray', 'Cetirizine'),
(116, 96, 7, '2025-04-27', 'Anxiety', 'Cognitive behavioral therapy and medication', 'Sertraline'),
(117, 97, 8, '2025-04-28', 'Back Pain', 'Physical therapy and pain relievers', 'Ibuprofen'),
(118, 98, 9, '2025-04-29', 'Pneumonia', 'Antibiotics and rest', 'Amoxicillin'),
(119, 99, 10, '2025-04-30', 'Chronic Bronchitis', 'Bronchodilators and steroids', 'Albuterol'),
(120, 100, 11, '2025-05-01', 'Gastritis', 'Antacids and dietary changes', 'Omeprazole'),
(121, 1, 12, '2025-05-02', 'Depression', 'Therapy and antidepressants', 'Fluoxetine'),
(122, 2, 13, '2025-05-03', 'Osteoarthritis', 'Physical therapy and pain management', 'Diclofenac'),
(123, 3, 14, '2025-05-04', 'Stroke', 'Rehabilitation and blood thinners', 'Aspirin'),
(124, 4, 15, '2025-05-05', 'Heart Disease', 'Surgery and lifestyle changes', 'Statins'),
(125, 5, 16, '2025-05-06', 'Cold', 'Rest and hydration', 'No prescription'),
(126, 6, 17, '2025-05-07', 'Rheumatoid Arthritis', 'Pain relievers and anti-inflammatory drugs', 'Methotrexate'),
(127, 7, 18, '2025-05-08', 'Peptic Ulcer', 'Avoid spicy foods and take antacids', 'Ranitidine'),
(128, 8, 19, '2025-05-09', 'Thyroid Disorder', 'Thyroid hormone therapy', 'Levothyroxine'),
(129, 9, 20, '2025-05-10', 'Chronic Fatigue Syndrome', 'Sleep hygiene and low-impact exercise', 'No prescription'),
(130, 10, 1, '2025-05-11', 'Flu', 'Rest and over-the-counter medication', 'Paracetamol'),
(131, 11, 2, '2025-05-12', 'Diabetes', 'Diet change and insulin therapy', 'Insulin'),
(132, 12, 3, '2025-05-13', 'Hypertension', 'Blood pressure medication', 'Amlodipine'),
(133, 13, 4, '2025-05-14', 'Asthma', 'Inhaler use and avoid triggers', 'Salbutamol'),
(134, 14, 5, '2025-05-15', 'Migraine', 'Pain management with rest', 'Sumatriptan'),
(135, 15, 6, '2025-05-16', 'Allergic Rhinitis', 'Antihistamines and nasal spray', 'Cetirizine'),
(136, 16, 7, '2025-05-17', 'Anxiety', 'Cognitive behavioral therapy and medication', 'Sertraline'),
(137, 17, 8, '2025-05-18', 'Back Pain', 'Physical therapy and pain relievers', 'Ibuprofen'),
(138, 18, 9, '2025-05-19', 'Pneumonia', 'Antibiotics and rest', 'Amoxicillin'),
(139, 19, 10, '2025-05-20', 'Chronic Bronchitis', 'Bronchodilators and steroids', 'Albuterol'),
(140, 20, 11, '2025-05-21', 'Gastritis', 'Antacids and dietary changes', 'Omeprazole'),
(141, 21, 12, '2025-05-22', 'Depression', 'Therapy and antidepressants', 'Fluoxetine'),
(142, 22, 13, '2025-05-23', 'Osteoarthritis', 'Physical therapy and pain management', 'Diclofenac'),
(143, 23, 14, '2025-05-24', 'Stroke', 'Rehabilitation and blood thinners', 'Aspirin'),
(144, 24, 15, '2025-05-25', 'Heart Disease', 'Surgery and lifestyle changes', 'Statins'),
(145, 25, 16, '2025-05-26', 'Cold', 'Rest and hydration', 'No prescription'),
(146, 26, 17, '2025-05-27', 'Rheumatoid Arthritis', 'Pain relievers and anti-inflammatory drugs', 'Methotrexate'),
(147, 27, 18, '2025-05-28', 'Peptic Ulcer', 'Avoid spicy foods and take antacids', 'Ranitidine'),
(148, 28, 19, '2025-05-29', 'Thyroid Disorder', 'Thyroid hormone therapy', 'Levothyroxine'),
(149, 29, 20, '2025-05-30', 'Chronic Fatigue Syndrome', 'Sleep hygiene and low-impact exercise', 'No prescription'),
(150, 30, 1, '2025-06-01', 'Flu', 'Rest and over-the-counter medication', 'Paracetamol'),
(151, 31, 2, '2025-06-02', 'Diabetes', 'Diet change and insulin therapy', 'Insulin'),
(152, 32, 3, '2025-06-03', 'Hypertension', 'Blood pressure medication', 'Amlodipine'),
(153, 33, 4, '2025-06-04', 'Asthma', 'Inhaler use and avoid triggers', 'Salbutamol'),
(154, 34, 5, '2025-06-05', 'Migraine', 'Pain management with rest', 'Sumatriptan'),
(155, 35, 6, '2025-06-06', 'Allergic Rhinitis', 'Antihistamines and nasal spray', 'Cetirizine'),
(156, 36, 7, '2025-06-07', 'Anxiety', 'Cognitive behavioral therapy and medication', 'Sertraline'),
(157, 37, 8, '2025-06-08', 'Back Pain', 'Physical therapy and pain relievers', 'Ibuprofen'),
(158, 38, 9, '2025-06-09', 'Pneumonia', 'Antibiotics and rest', 'Amoxicillin'),
(159, 39, 10, '2025-06-10', 'Chronic Bronchitis', 'Bronchodilators and steroids', 'Albuterol'),
(160, 40, 11, '2025-06-11', 'Gastritis', 'Antacids and dietary changes', 'Omeprazole'),
(161, 41, 12, '2025-06-12', 'Depression', 'Therapy and antidepressants', 'Fluoxetine'),
(162, 42, 13, '2025-06-13', 'Osteoarthritis', 'Physical therapy and pain management', 'Diclofenac'),
(163, 43, 14, '2025-06-14', 'Stroke', 'Rehabilitation and blood thinners', 'Aspirin'),
(164, 44, 15, '2025-06-15', 'Heart Disease', 'Surgery and lifestyle changes', 'Statins'),
(165, 45, 16, '2025-06-16', 'Cold', 'Rest and hydration', 'No prescription'),
(166, 46, 17, '2025-06-17', 'Rheumatoid Arthritis', 'Pain relievers and anti-inflammatory drugs', 'Methotrexate'),
(167, 47, 18, '2025-06-18', 'Peptic Ulcer', 'Avoid spicy foods and take antacids', 'Ranitidine'),
(168, 48, 19, '2025-06-19', 'Thyroid Disorder', 'Thyroid hormone therapy', 'Levothyroxine'),
(169, 49, 20, '2025-06-20', 'Chronic Fatigue Syndrome', 'Sleep hygiene and low-impact exercise', 'No prescription'),
(170, 50, 1, '2025-06-21', 'Flu', 'Rest and over-the-counter medication', 'Paracetamol'),
(171, 51, 2, '2025-06-22', 'Diabetes', 'Diet change and insulin therapy', 'Insulin'),
(172, 52, 3, '2025-06-23', 'Hypertension', 'Blood pressure medication', 'Amlodipine'),
(173, 53, 4, '2025-06-24', 'Asthma', 'Inhaler use and avoid triggers', 'Salbutamol'),
(174, 54, 5, '2025-06-25', 'Migraine', 'Pain management with rest', 'Sumatriptan'),
(175, 55, 6, '2025-06-26', 'Allergic Rhinitis', 'Antihistamines and nasal spray', 'Cetirizine'),
(176, 56, 7, '2025-06-27', 'Anxiety', 'Cognitive behavioral therapy and medication', 'Sertraline'),
(177, 57, 8, '2025-06-28', 'Back Pain', 'Physical therapy and pain relievers', 'Ibuprofen'),
(178, 58, 9, '2025-06-29', 'Pneumonia', 'Antibiotics and rest', 'Amoxicillin'),
(179, 59, 10, '2025-06-30', 'Chronic Bronchitis', 'Bronchodilators and steroids', 'Albuterol'),
(180, 60, 11, '2025-07-01', 'Gastritis', 'Antacids and dietary changes', 'Omeprazole'),
(181, 61, 12, '2025-07-02', 'Depression', 'Therapy and antidepressants', 'Fluoxetine'),
(182, 62, 13, '2025-07-03', 'Osteoarthritis', 'Physical therapy and pain management', 'Diclofenac'),
(183, 63, 14, '2025-07-04', 'Stroke', 'Rehabilitation and blood thinners', 'Aspirin'),
(184, 64, 15, '2025-07-05', 'Heart Disease', 'Surgery and lifestyle changes', 'Statins'),
(185, 65, 16, '2025-07-06', 'Cold', 'Rest and hydration', 'No prescription'),
(186, 66, 17, '2025-07-07', 'Rheumatoid Arthritis', 'Pain relievers and anti-inflammatory drugs', 'Methotrexate'),
(187, 67, 18, '2025-07-08', 'Peptic Ulcer', 'Avoid spicy foods and take antacids', 'Ranitidine'),
(188, 68, 19, '2025-07-09', 'Thyroid Disorder', 'Thyroid hormone therapy', 'Levothyroxine'),
(189, 69, 20, '2025-07-10', 'Chronic Fatigue Syndrome', 'Sleep hygiene and low-impact exercise', 'No prescription'),
(190, 70, 1, '2025-07-11', 'Flu', 'Rest and over-the-counter medication', 'Paracetamol'),
(191, 71, 2, '2025-07-12', 'Diabetes', 'Diet change and insulin therapy', 'Insulin'),
(192, 72, 3, '2025-07-13', 'Hypertension', 'Blood pressure medication', 'Amlodipine'),
(193, 73, 4, '2025-07-14', 'Asthma', 'Inhaler use and avoid triggers', 'Salbutamol'),
(194, 74, 5, '2025-07-15', 'Migraine', 'Pain management with rest', 'Sumatriptan'),
(195, 75, 6, '2025-07-16', 'Allergic Rhinitis', 'Antihistamines and nasal spray', 'Cetirizine'),
(196, 76, 7, '2025-07-17', 'Anxiety', 'Cognitive behavioral therapy and medication', 'Sertraline'),
(197, 77, 8, '2025-07-18', 'Back Pain', 'Physical therapy and pain relievers', 'Ibuprofen'),
(198, 78, 9, '2025-07-19', 'Pneumonia', 'Antibiotics and rest', 'Amoxicillin'),
(199, 79, 10, '2025-07-20', 'Chronic Bronchitis', 'Bronchodilators and steroids', 'Albuterol'),
(200, 80, 11, '2025-07-21', 'Gastritis', 'Antacids and dietary changes', 'Omeprazole'),
(201, 81, 12, '2025-07-22', 'Depression', 'Therapy and antidepressants', 'Fluoxetine'),
(202, 82, 13, '2025-07-23', 'Osteoarthritis', 'Physical therapy and pain management', 'Diclofenac'),
(203, 83, 14, '2025-07-24', 'Stroke', 'Rehabilitation and blood thinners', 'Aspirin'),
(204, 84, 15, '2025-07-25', 'Heart Disease', 'Surgery and lifestyle changes', 'Statins'),
(205, 85, 16, '2025-07-26', 'Cold', 'Rest and hydration', 'No prescription'),
(206, 86, 17, '2025-07-27', 'Rheumatoid Arthritis', 'Pain relievers and anti-inflammatory drugs', 'Methotrexate'),
(207, 87, 18, '2025-07-28', 'Peptic Ulcer', 'Avoid spicy foods and take antacids', 'Ranitidine'),
(208, 88, 19, '2025-07-29', 'Thyroid Disorder', 'Thyroid hormone therapy', 'Levothyroxine'),
(209, 89, 20, '2025-07-30', 'Chronic Fatigue Syndrome', 'Sleep hygiene and low-impact exercise', 'No prescription'),
(210, 90, 1, '2025-07-31', 'Flu', 'Rest and over-the-counter medication', 'Paracetamol'),
(211, 91, 2, '2025-08-01', 'Diabetes', 'Diet change and insulin therapy', 'Insulin'),
(212, 92, 3, '2025-08-02', 'Hypertension', 'Blood pressure medication', 'Amlodipine'),
(213, 93, 4, '2025-08-03', 'Asthma', 'Inhaler use and avoid triggers', 'Salbutamol'),
(214, 94, 5, '2025-08-04', 'Migraine', 'Pain management with rest', 'Sumatriptan'),
(215, 95, 6, '2025-08-05', 'Allergic Rhinitis', 'Antihistamines and nasal spray', 'Cetirizine'),
(216, 96, 7, '2025-08-06', 'Anxiety', 'Cognitive behavioral therapy and medication', 'Sertraline'),
(217, 97, 8, '2025-08-07', 'Back Pain', 'Physical therapy and pain relievers', 'Ibuprofen'),
(218, 98, 9, '2025-08-08', 'Pneumonia', 'Antibiotics and rest', 'Amoxicillin'),
(219, 99, 10, '2025-08-09', 'Chronic Bronchitis', 'Bronchodilators and steroids', 'Albuterol'),
(220, 100, 11, '2025-08-10', 'Gastritis', 'Antacids and dietary changes', 'Omeprazole'),
(221, 1, 12, '2025-08-11', 'Depression', 'Therapy and antidepressants', 'Fluoxetine'),
(222, 2, 13, '2025-08-12', 'Osteoarthritis', 'Physical therapy and pain management', 'Diclofenac'),
(223, 3, 14, '2025-08-13', 'Stroke', 'Rehabilitation and blood thinners', 'Aspirin'),
(224, 4, 15, '2025-08-14', 'Heart Disease', 'Surgery and lifestyle changes', 'Statins'),
(225, 5, 16, '2025-08-15', 'Cold', 'Rest and hydration', 'No prescription'),
(226, 6, 17, '2025-08-16', 'Rheumatoid Arthritis', 'Pain relievers and anti-inflammatory drugs', 'Methotrexate'),
(227, 7, 18, '2025-08-17', 'Peptic Ulcer', 'Avoid spicy foods and take antacids', 'Ranitidine'),
(228, 8, 19, '2025-08-18', 'Thyroid Disorder', 'Thyroid hormone therapy', 'Levothyroxine'),
(229, 9, 20, '2025-08-19', 'Chronic Fatigue Syndrome', 'Sleep hygiene and low-impact exercise', 'No prescription'),
(230, 10, 1, '2025-08-20', 'Flu', 'Rest and over-the-counter medication', 'Paracetamol'),
(231, 11, 2, '2025-08-21', 'Diabetes', 'Diet change and insulin therapy', 'Insulin'),
(232, 12, 3, '2025-08-22', 'Hypertension', 'Blood pressure medication', 'Amlodipine'),
(233, 13, 4, '2025-08-23', 'Asthma', 'Inhaler use and avoid triggers', 'Salbutamol'),
(234, 14, 5, '2025-08-24', 'Migraine', 'Pain management with rest', 'Sumatriptan'),
(235, 15, 6, '2025-08-25', 'Allergic Rhinitis', 'Antihistamines and nasal spray', 'Cetirizine'),
(236, 16, 7, '2025-08-26', 'Anxiety', 'Cognitive behavioral therapy and medication', 'Sertraline'),
(237, 17, 8, '2025-08-27', 'Back Pain', 'Physical therapy and pain relievers', 'Ibuprofen'),
(238, 18, 9, '2025-08-28', 'Pneumonia', 'Antibiotics and rest', 'Amoxicillin'),
(239, 19, 10, '2025-08-29', 'Chronic Bronchitis', 'Bronchodilators and steroids', 'Albuterol'),
(240, 20, 11, '2025-08-30', 'Gastritis', 'Antacids and dietary changes', 'Omeprazole'),
(241, 21, 12, '2025-08-31', 'Depression', 'Therapy and antidepressants', 'Fluoxetine'),
(242, 22, 13, '2025-09-01', 'Osteoarthritis', 'Physical therapy and pain management', 'Diclofenac'),
(243, 23, 14, '2025-09-02', 'Stroke', 'Rehabilitation and blood thinners', 'Aspirin'),
(244, 24, 15, '2025-09-03', 'Heart Disease', 'Surgery and lifestyle changes', 'Statins'),
(245, 25, 16, '2025-09-04', 'Cold', 'Rest and hydration', 'No prescription'),
(246, 26, 17, '2025-09-05', 'Rheumatoid Arthritis', 'Pain relievers and anti-inflammatory drugs', 'Methotrexate'),
(247, 27, 18, '2025-09-06', 'Peptic Ulcer', 'Avoid spicy foods and take antacids', 'Ranitidine'),
(248, 28, 19, '2025-09-07', 'Thyroid Disorder', 'Thyroid hormone therapy', 'Levothyroxine'),
(249, 29, 20, '2025-09-08', 'Chronic Fatigue Syndrome', 'Sleep hygiene and low-impact exercise', 'No prescription'),
(250, 30, 1, '2025-09-09', 'Flu', 'Rest and over-the-counter medication', 'Paracetamol'),
(251, 31, 2, '2025-09-10', 'Diabetes', 'Diet change and insulin therapy', 'Insulin'),
(252, 32, 3, '2025-09-11', 'Hypertension', 'Blood pressure medication', 'Amlodipine'),
(253, 33, 4, '2025-09-12', 'Asthma', 'Inhaler use and avoid triggers', 'Salbutamol'),
(254, 34, 5, '2025-09-13', 'Migraine', 'Pain management with rest', 'Sumatriptan'),
(255, 35, 6, '2025-09-14', 'Allergic Rhinitis', 'Antihistamines and nasal spray', 'Cetirizine'),
(256, 36, 7, '2025-09-15', 'Anxiety', 'Cognitive behavioral therapy and medication', 'Sertraline'),
(257, 37, 8, '2025-09-16', 'Back Pain', 'Physical therapy and pain relievers', 'Ibuprofen'),
(258, 38, 9, '2025-09-17', 'Pneumonia', 'Antibiotics and rest', 'Amoxicillin'),
(259, 39, 10, '2025-09-18', 'Chronic Bronchitis', 'Bronchodilators and steroids', 'Albuterol'),
(260, 40, 11, '2025-09-19', 'Gastritis', 'Antacids and dietary changes', 'Omeprazole'),
(261, 41, 12, '2025-09-20', 'Depression', 'Therapy and antidepressants', 'Fluoxetine'),
(262, 42, 13, '2025-09-21', 'Osteoarthritis', 'Physical therapy and pain management', 'Diclofenac'),
(263, 43, 14, '2025-09-22', 'Stroke', 'Rehabilitation and blood thinners', 'Aspirin'),
(264, 44, 15, '2025-09-23', 'Heart Disease', 'Surgery and lifestyle changes', 'Statins'),
(265, 45, 16, '2025-09-24', 'Cold', 'Rest and hydration', 'No prescription'),
(266, 46, 17, '2025-09-25', 'Rheumatoid Arthritis', 'Pain relievers and anti-inflammatory drugs', 'Methotrexate'),
(267, 47, 18, '2025-09-26', 'Peptic Ulcer', 'Avoid spicy foods and take antacids', 'Ranitidine'),
(268, 48, 19, '2025-09-27', 'Thyroid Disorder', 'Thyroid hormone therapy', 'Levothyroxine'),
(269, 49, 20, '2025-09-28', 'Chronic Fatigue Syndrome', 'Sleep hygiene and low-impact exercise', 'No prescription'),
(270, 50, 1, '2025-09-29', 'Flu', 'Rest and over-the-counter medication', 'Paracetamol'),
(271, 51, 2, '2025-09-30', 'Diabetes', 'Diet change and insulin therapy', 'Insulin'),
(272, 52, 3, '2025-10-01', 'Hypertension', 'Blood pressure medication', 'Amlodipine'),
(273, 53, 4, '2025-10-02', 'Asthma', 'Inhaler use and avoid triggers', 'Salbutamol'),
(274, 54, 5, '2025-10-03', 'Migraine', 'Pain management with rest', 'Sumatriptan'),
(275, 55, 6, '2025-10-04', 'Allergic Rhinitis', 'Antihistamines and nasal spray', 'Cetirizine'),
(276, 56, 7, '2025-10-05', 'Anxiety', 'Cognitive behavioral therapy and medication', 'Sertraline'),
(277, 57, 8, '2025-10-06', 'Back Pain', 'Physical therapy and pain relievers', 'Ibuprofen'),
(278, 58, 9, '2025-10-07', 'Pneumonia', 'Antibiotics and rest', 'Amoxicillin'),
(279, 59, 10, '2025-10-08', 'Chronic Bronchitis', 'Bronchodilators and steroids', 'Albuterol'),
(280, 60, 11, '2025-10-09', 'Gastritis', 'Antacids and dietary changes', 'Omeprazole'),
(281, 61, 12, '2025-10-10', 'Depression', 'Therapy and antidepressants', 'Fluoxetine'),
(282, 62, 13, '2025-10-11', 'Osteoarthritis', 'Physical therapy and pain management', 'Diclofenac'),
(283, 63, 14, '2025-10-12', 'Stroke', 'Rehabilitation and blood thinners', 'Aspirin'),
(284, 64, 15, '2025-10-13', 'Heart Disease', 'Surgery and lifestyle changes', 'Statins'),
(285, 65, 16, '2025-10-14', 'Cold', 'Rest and hydration', 'No prescription'),
(286, 66, 17, '2025-10-15', 'Rheumatoid Arthritis', 'Pain relievers and anti-inflammatory drugs', 'Methotrexate'),
(287, 67, 18, '2025-10-16', 'Peptic Ulcer', 'Avoid spicy foods and take antacids', 'Ranitidine'),
(288, 68, 19, '2025-10-17', 'Thyroid Disorder', 'Thyroid hormone therapy', 'Levothyroxine'),
(289, 69, 20, '2025-10-18', 'Chronic Fatigue Syndrome', 'Sleep hygiene and low-impact exercise', 'No prescription'),
(290, 70, 1, '2025-10-19', 'Flu', 'Rest and over-the-counter medication', 'Paracetamol'),
(291, 71, 2, '2025-10-20', 'Diabetes', 'Diet change and insulin therapy', 'Insulin'),
(292, 72, 3, '2025-10-21', 'Hypertension', 'Blood pressure medication', 'Amlodipine'),
(293, 73, 4, '2025-10-22', 'Asthma', 'Inhaler use and avoid triggers', 'Salbutamol'),
(294, 74, 5, '2025-10-23', 'Migraine', 'Pain management with rest', 'Sumatriptan'),
(295, 75, 6, '2025-10-24', 'Allergic Rhinitis', 'Antihistamines and nasal spray', 'Cetirizine'),
(296, 76, 7, '2025-10-25', 'Anxiety', 'Cognitive behavioral therapy and medication', 'Sertraline'),
(297, 77, 8, '2025-10-26', 'Back Pain', 'Physical therapy and pain relievers', 'Ibuprofen'),
(298, 78, 9, '2025-10-27', 'Pneumonia', 'Antibiotics and rest', 'Amoxicillin'),
(299, 79, 10, '2025-10-28', 'Chronic Bronchitis', 'Bronchodilators and steroids', 'Albuterol'),
(300, 80, 11, '2025-10-29', 'Gastritis', 'Antacids and dietary changes', 'Omeprazole'),
(301, 81, 12, '2025-10-30', 'Depression', 'Therapy and antidepressants', 'Fluoxetine'),
(302, 82, 13, '2025-10-31', 'Osteoarthritis', 'Physical therapy and pain management', 'Diclofenac'),
(303, 83, 14, '2025-11-01', 'Stroke', 'Rehabilitation and blood thinners', 'Aspirin'),
(304, 84, 15, '2025-11-02', 'Heart Disease', 'Surgery and lifestyle changes', 'Statins'),
(305, 85, 16, '2025-11-03', 'Cold', 'Rest and hydration', 'No prescription'),
(306, 86, 17, '2025-11-04', 'Rheumatoid Arthritis', 'Pain relievers and anti-inflammatory drugs', 'Methotrexate'),
(307, 87, 18, '2025-11-05', 'Peptic Ulcer', 'Avoid spicy foods and take antacids', 'Ranitidine'),
(308, 88, 19, '2025-11-06', 'Thyroid Disorder', 'Thyroid hormone therapy', 'Levothyroxine'),
(309, 89, 20, '2025-11-07', 'Chronic Fatigue Syndrome', 'Sleep hygiene and low-impact exercise', 'No prescription'),
(310, 90, 1, '2025-11-08', 'Flu', 'Rest and over-the-counter medication', 'Paracetamol'),
(311, 91, 2, '2025-11-09', 'Diabetes', 'Diet change and insulin therapy', 'Insulin'),
(312, 92, 3, '2025-11-10', 'Hypertension', 'Blood pressure medication', 'Amlodipine'),
(313, 93, 4, '2025-11-11', 'Asthma', 'Inhaler use and avoid triggers', 'Salbutamol'),
(314, 94, 5, '2025-11-12', 'Migraine', 'Pain management with rest', 'Sumatriptan'),
(315, 95, 6, '2025-11-13', 'Allergic Rhinitis', 'Antihistamines and nasal spray', 'Cetirizine'),
(316, 96, 7, '2025-11-14', 'Anxiety', 'Cognitive behavioral therapy and medication', 'Sertraline'),
(317, 97, 8, '2025-11-15', 'Back Pain', 'Physical therapy and pain relievers', 'Ibuprofen'),
(318, 98, 9, '2025-11-16', 'Pneumonia', 'Antibiotics and rest', 'Amoxicillin'),
(319, 99, 10, '2025-11-17', 'Chronic Bronchitis', 'Bronchodilators and steroids', 'Albuterol'),
(320, 100, 11, '2025-11-18', 'Gastritis', 'Antacids and dietary changes', 'Omeprazole'),
(321, 1, 12, '2025-11-19', 'Depression', 'Therapy and antidepressants', 'Fluoxetine'),
(322, 2, 13, '2025-11-20', 'Osteoarthritis', 'Physical therapy and pain management', 'Diclofenac'),
(323, 3, 14, '2025-11-21', 'Stroke', 'Rehabilitation and blood thinners', 'Aspirin'),
(324, 4, 15, '2025-11-22', 'Heart Disease', 'Surgery and lifestyle changes', 'Statins'),
(325, 5, 16, '2025-11-23', 'Cold', 'Rest and hydration', 'No prescription'),
(326, 6, 17, '2025-11-24', 'Rheumatoid Arthritis', 'Pain relievers and anti-inflammatory drugs', 'Methotrexate'),
(327, 7, 18, '2025-11-25', 'Peptic Ulcer', 'Avoid spicy foods and take antacids', 'Ranitidine'),
(328, 8, 19, '2025-11-26', 'Thyroid Disorder', 'Thyroid hormone therapy', 'Levothyroxine'),
(329, 9, 20, '2025-11-27', 'Chronic Fatigue Syndrome', 'Sleep hygiene and low-impact exercise', 'No prescription'),
(330, 10, 1, '2025-11-28', 'Flu', 'Rest and over-the-counter medication', 'Paracetamol'),
(331, 11, 2, '2025-11-29', 'Diabetes', 'Diet change and insulin therapy', 'Insulin'),
(332, 12, 3, '2025-11-30', 'Hypertension', 'Blood pressure medication', 'Amlodipine'),
(333, 13, 4, '2025-12-01', 'Asthma', 'Inhaler use and avoid triggers', 'Salbutamol'),
(334, 14, 5, '2025-12-02', 'Migraine', 'Pain management with rest', 'Sumatriptan'),
(335, 15, 6, '2025-12-03', 'Allergic Rhinitis', 'Antihistamines and nasal spray', 'Cetirizine'),
(336, 16, 7, '2025-12-04', 'Anxiety', 'Cognitive behavioral therapy and medication', 'Sertraline'),
(337, 17, 8, '2025-12-05', 'Back Pain', 'Physical therapy and pain relievers', 'Ibuprofen'),
(338, 18, 9, '2025-12-06', 'Pneumonia', 'Antibiotics and rest', 'Amoxicillin'),
(339, 19, 10, '2025-12-07', 'Chronic Bronchitis', 'Bronchodilators and steroids', 'Albuterol'),
(340, 20, 11, '2025-12-08', 'Gastritis', 'Antacids and dietary changes', 'Omeprazole'),
(341, 21, 12, '2025-12-09', 'Depression', 'Therapy and antidepressants', 'Fluoxetine'),
(342, 22, 13, '2025-12-10', 'Osteoarthritis', 'Physical therapy and pain management', 'Diclofenac'),
(343, 23, 14, '2025-12-11', 'Stroke', 'Rehabilitation and blood thinners', 'Aspirin'),
(344, 24, 15, '2025-12-12', 'Heart Disease', 'Surgery and lifestyle changes', 'Statins'),
(345, 25, 16, '2025-12-13', 'Cold', 'Rest and hydration', 'No prescription'),
(346, 26, 17, '2025-12-14', 'Rheumatoid Arthritis', 'Pain relievers and anti-inflammatory drugs', 'Methotrexate'),
(347, 27, 18, '2025-12-15', 'Peptic Ulcer', 'Avoid spicy foods and take antacids', 'Ranitidine'),
(348, 28, 19, '2025-12-16', 'Thyroid Disorder', 'Thyroid hormone therapy', 'Levothyroxine'),
(349, 29, 20, '2025-12-17', 'Chronic Fatigue Syndrome', 'Sleep hygiene and low-impact exercise', 'No prescription'),
(350, 30, 1, '2025-12-18', 'Flu', 'Rest and over-the-counter medication', 'Paracetamol'),
(351, 31, 2, '2025-12-19', 'Diabetes', 'Diet change and insulin therapy', 'Insulin'),
(352, 32, 3, '2025-12-20', 'Hypertension', 'Blood pressure medication', 'Amlodipine'),
(353, 33, 4, '2025-12-21', 'Asthma', 'Inhaler use and avoid triggers', 'Salbutamol'),
(354, 34, 5, '2025-12-22', 'Migraine', 'Pain management with rest', 'Sumatriptan'),
(355, 35, 6, '2025-12-23', 'Allergic Rhinitis', 'Antihistamines and nasal spray', 'Cetirizine'),
(356, 36, 7, '2025-12-24', 'Anxiety', 'Cognitive behavioral therapy and medication', 'Sertraline'),
(357, 37, 8, '2025-12-25', 'Back Pain', 'Physical therapy and pain relievers', 'Ibuprofen'),
(358, 38, 9, '2025-12-26', 'Pneumonia', 'Antibiotics and rest', 'Amoxicillin'),
(359, 39, 10, '2025-12-27', 'Chronic Bronchitis', 'Bronchodilators and steroids', 'Albuterol'),
(360, 40, 11, '2025-12-28', 'Gastritis', 'Antacids and dietary changes', 'Omeprazole'),
(361, 41, 12, '2025-12-29', 'Depression', 'Therapy and antidepressants', 'Fluoxetine'),
(362, 42, 13, '2025-12-30', 'Osteoarthritis', 'Physical therapy and pain management', 'Diclofenac'),
(363, 43, 14, '2025-12-31', 'Stroke', 'Rehabilitation and blood thinners', 'Aspirin'),
(364, 44, 15, '2026-01-01', 'Heart Disease', 'Surgery and lifestyle changes', 'Statins'),
(365, 45, 16, '2026-01-02', 'Cold', 'Rest and hydration', 'No prescription'),
(366, 46, 17, '2026-01-03', 'Rheumatoid Arthritis', 'Pain relievers and anti-inflammatory drugs', 'Methotrexate'),
(367, 47, 18, '2026-01-04', 'Peptic Ulcer', 'Avoid spicy foods and take antacids', 'Ranitidine'),
(368, 48, 19, '2026-01-05', 'Thyroid Disorder', 'Thyroid hormone therapy', 'Levothyroxine'),
(369, 49, 20, '2026-01-06', 'Chronic Fatigue Syndrome', 'Sleep hygiene and low-impact exercise', 'No prescription'),
(370, 50, 1, '2026-01-07', 'Flu', 'Rest and over-the-counter medication', 'Paracetamol'),
(371, 51, 2, '2026-01-08', 'Diabetes', 'Diet change and insulin therapy', 'Insulin'),
(372, 52, 3, '2026-01-09', 'Hypertension', 'Blood pressure medication', 'Amlodipine'),
(373, 53, 4, '2026-01-10', 'Asthma', 'Inhaler use and avoid triggers', 'Salbutamol'),
(374, 54, 5, '2026-01-11', 'Migraine', 'Pain management with rest', 'Sumatriptan'),
(375, 55, 6, '2026-01-12', 'Allergic Rhinitis', 'Antihistamines and nasal spray', 'Cetirizine'),
(376, 56, 7, '2026-01-13', 'Anxiety', 'Cognitive behavioral therapy and medication', 'Sertraline'),
(377, 57, 8, '2026-01-14', 'Back Pain', 'Physical therapy and pain relievers', 'Ibuprofen'),
(378, 58, 9, '2026-01-15', 'Pneumonia', 'Antibiotics and rest', 'Amoxicillin'),
(379, 59, 10, '2026-01-16', 'Chronic Bronchitis', 'Bronchodilators and steroids', 'Albuterol'),
(380, 60, 11, '2026-01-17', 'Gastritis', 'Antacids and dietary changes', 'Omeprazole'),
(381, 61, 12, '2026-01-18', 'Depression', 'Therapy and antidepressants', 'Fluoxetine'),
(382, 62, 13, '2026-01-19', 'Osteoarthritis', 'Physical therapy and pain management', 'Diclofenac'),
(383, 63, 14, '2026-01-20', 'Stroke', 'Rehabilitation and blood thinners', 'Aspirin'),
(384, 64, 15, '2026-01-21', 'Heart Disease', 'Surgery and lifestyle changes', 'Statins'),
(385, 65, 16, '2026-01-22', 'Cold', 'Rest and hydration', 'No prescription'),
(386, 66, 17, '2026-01-23', 'Rheumatoid Arthritis', 'Pain relievers and anti-inflammatory drugs', 'Methotrexate'),
(387, 67, 18, '2026-01-24', 'Peptic Ulcer', 'Avoid spicy foods and take antacids', 'Ranitidine'),
(388, 68, 19, '2026-01-25', 'Thyroid Disorder', 'Thyroid hormone therapy', 'Levothyroxine'),
(389, 69, 20, '2026-01-26', 'Chronic Fatigue Syndrome', 'Sleep hygiene and low-impact exercise', 'No prescription'),
(390, 70, 1, '2026-01-27', 'Flu', 'Rest and over-the-counter medication', 'Paracetamol'),
(391, 71, 2, '2026-01-28', 'Diabetes', 'Diet change and insulin therapy', 'Insulin'),
(392, 72, 3, '2026-01-29', 'Hypertension', 'Blood pressure medication', 'Amlodipine'),
(393, 73, 4, '2026-01-30', 'Asthma', 'Inhaler use and avoid triggers', 'Salbutamol'),
(394, 74, 5, '2026-01-31', 'Migraine', 'Pain management with rest', 'Sumatriptan'),
(395, 75, 6, '2026-02-01', 'Allergic Rhinitis', 'Antihistamines and nasal spray', 'Cetirizine'),
(396, 76, 7, '2026-02-02', 'Anxiety', 'Cognitive behavioral therapy and medication', 'Sertraline'),
(397, 77, 8, '2026-02-03', 'Back Pain', 'Physical therapy and pain relievers', 'Ibuprofen'),
(398, 78, 9, '2026-02-04', 'Pneumonia', 'Antibiotics and rest', 'Amoxicillin'),
(399, 79, 10, '2026-02-05', 'Chronic Bronchitis', 'Bronchodilators and steroids', 'Albuterol'),
(400, 80, 11, '2026-02-06', 'Gastritis', 'Antacids and dietary changes', 'Omeprazole'),
(401, 81, 12, '2026-02-07', 'Depression', 'Therapy and antidepressants', 'Fluoxetine'),
(402, 82, 13, '2026-02-08', 'Osteoarthritis', 'Physical therapy and pain management', 'Diclofenac'),
(403, 83, 14, '2026-02-09', 'Stroke', 'Rehabilitation and blood thinners', 'Aspirin'),
(404, 84, 15, '2026-02-10', 'Heart Disease', 'Surgery and lifestyle changes', 'Statins'),
(405, 85, 16, '2026-02-11', 'Cold', 'Rest and hydration', 'No prescription'),
(406, 86, 17, '2026-02-12', 'Rheumatoid Arthritis', 'Pain relievers and anti-inflammatory drugs', 'Methotrexate'),
(407, 87, 18, '2026-02-13', 'Peptic Ulcer', 'Avoid spicy foods and take antacids', 'Ranitidine'),
(408, 88, 19, '2026-02-14', 'Thyroid Disorder', 'Thyroid hormone therapy', 'Levothyroxine'),
(409, 89, 20, '2026-02-15', 'Chronic Fatigue Syndrome', 'Sleep hygiene and low-impact exercise', 'No prescription'),
(410, 90, 1, '2026-02-16', 'Flu', 'Rest and over-the-counter medication', 'Paracetamol'),
(411, 91, 2, '2026-02-17', 'Diabetes', 'Diet change and insulin therapy', 'Insulin'),
(412, 92, 3, '2026-02-18', 'Hypertension', 'Blood pressure medication', 'Amlodipine'),
(413, 93, 4, '2026-02-19', 'Asthma', 'Inhaler use and avoid triggers', 'Salbutamol'),
(414, 94, 5, '2026-02-20', 'Migraine', 'Pain management with rest', 'Sumatriptan'),
(415, 95, 6, '2026-02-21', 'Allergic Rhinitis', 'Antihistamines and nasal spray', 'Cetirizine'),
(416, 96, 7, '2026-02-22', 'Anxiety', 'Cognitive behavioral therapy and medication', 'Sertraline'),
(417, 97, 8, '2026-02-23', 'Back Pain', 'Physical therapy and pain relievers', 'Ibuprofen'),
(418, 98, 9, '2026-02-24', 'Pneumonia', 'Antibiotics and rest', 'Amoxicillin'),
(419, 99, 10, '2026-02-25', 'Chronic Bronchitis', 'Bronchodilators and steroids', 'Albuterol'),
(420, 100, 11, '2026-02-26', 'Gastritis', 'Antacids and dietary changes', 'Omeprazole'),
(421, 1, 12, '2026-02-27', 'Depression', 'Therapy and antidepressants', 'Fluoxetine'),
(422, 2, 13, '2026-02-28', 'Osteoarthritis', 'Physical therapy and pain management', 'Diclofenac'),
(423, 3, 14, '2026-03-01', 'Stroke', 'Rehabilitation and blood thinners', 'Aspirin'),
(424, 4, 15, '2026-03-02', 'Heart Disease', 'Surgery and lifestyle changes', 'Statins'),
(425, 5, 16, '2026-03-03', 'Cold', 'Rest and hydration', 'No prescription'),
(426, 6, 17, '2026-03-04', 'Rheumatoid Arthritis', 'Pain relievers and anti-inflammatory drugs', 'Methotrexate'),
(427, 7, 18, '2026-03-05', 'Peptic Ulcer', 'Avoid spicy foods and take antacids', 'Ranitidine'),
(428, 8, 19, '2026-03-06', 'Thyroid Disorder', 'Thyroid hormone therapy', 'Levothyroxine'),
(429, 9, 20, '2026-03-07', 'Chronic Fatigue Syndrome', 'Sleep hygiene and low-impact exercise', 'No prescription'),
(430, 10, 1, '2026-03-08', 'Flu', 'Rest and over-the-counter medication', 'Paracetamol'),
(431, 11, 2, '2026-03-09', 'Diabetes', 'Diet change and insulin therapy', 'Insulin'),
(432, 12, 3, '2026-03-10', 'Hypertension', 'Blood pressure medication', 'Amlodipine'),
(433, 13, 4, '2026-03-11', 'Asthma', 'Inhaler use and avoid triggers', 'Salbutamol'),
(434, 14, 5, '2026-03-12', 'Migraine', 'Pain management with rest', 'Sumatriptan'),
(435, 15, 6, '2026-03-13', 'Allergic Rhinitis', 'Antihistamines and nasal spray', 'Cetirizine'),
(436, 16, 7, '2026-03-14', 'Anxiety', 'Cognitive behavioral therapy and medication', 'Sertraline'),
(437, 17, 8, '2026-03-15', 'Back Pain', 'Physical therapy and pain relievers', 'Ibuprofen'),
(438, 18, 9, '2026-03-16', 'Pneumonia', 'Antibiotics and rest', 'Amoxicillin'),
(439, 19, 10, '2026-03-17', 'Chronic Bronchitis', 'Bronchodilators and steroids', 'Albuterol'),
(440, 20, 11, '2026-03-18', 'Gastritis', 'Antacids and dietary changes', 'Omeprazole'),
(441, 21, 12, '2026-03-19', 'Depression', 'Therapy and antidepressants', 'Fluoxetine'),
(442, 22, 13, '2026-03-20', 'Osteoarthritis', 'Physical therapy and pain management', 'Diclofenac'),
(443, 23, 14, '2026-03-21', 'Stroke', 'Rehabilitation and blood thinners', 'Aspirin'),
(444, 24, 15, '2026-03-22', 'Heart Disease', 'Surgery and lifestyle changes', 'Statins'),
(445, 25, 16, '2026-03-23', 'Cold', 'Rest and hydration', 'No prescription'),
(446, 26, 17, '2026-03-24', 'Rheumatoid Arthritis', 'Pain relievers and anti-inflammatory drugs', 'Methotrexate'),
(447, 27, 18, '2026-03-25', 'Peptic Ulcer', 'Avoid spicy foods and take antacids', 'Ranitidine'),
(448, 28, 19, '2026-03-26', 'Thyroid Disorder', 'Thyroid hormone therapy', 'Levothyroxine'),
(449, 29, 20, '2026-03-27', 'Chronic Fatigue Syndrome', 'Sleep hygiene and low-impact exercise', 'No prescription'),
(450, 30, 1, '2026-03-28', 'Flu', 'Rest and over-the-counter medication', 'Paracetamol'),
(451, 31, 2, '2026-03-29', 'Diabetes', 'Diet change and insulin therapy', 'Insulin'),
(452, 32, 3, '2026-03-30', 'Hypertension', 'Blood pressure medication', 'Amlodipine'),
(453, 33, 4, '2026-03-31', 'Asthma', 'Inhaler use and avoid triggers', 'Salbutamol'),
(454, 34, 5, '2026-04-01', 'Migraine', 'Pain management with rest', 'Sumatriptan'),
(455, 35, 6, '2026-04-02', 'Allergic Rhinitis', 'Antihistamines and nasal spray', 'Cetirizine'),
(456, 36, 7, '2026-04-03', 'Anxiety', 'Cognitive behavioral therapy and medication', 'Sertraline'),
(457, 37, 8, '2026-04-04', 'Back Pain', 'Physical therapy and pain relievers', 'Ibuprofen'),
(458, 38, 9, '2026-04-05', 'Pneumonia', 'Antibiotics and rest', 'Amoxicillin'),
(459, 39, 10, '2026-04-06', 'Chronic Bronchitis', 'Bronchodilators and steroids', 'Albuterol'),
(460, 40, 11, '2026-04-07', 'Gastritis', 'Antacids and dietary changes', 'Omeprazole'),
(461, 41, 12, '2026-04-08', 'Depression', 'Therapy and antidepressants', 'Fluoxetine'),
(462, 42, 13, '2026-04-09', 'Osteoarthritis', 'Physical therapy and pain management', 'Diclofenac'),
(463, 43, 14, '2026-04-10', 'Stroke', 'Rehabilitation and blood thinners', 'Aspirin'),
(464, 44, 15, '2026-04-11', 'Heart Disease', 'Surgery and lifestyle changes', 'Statins'),
(465, 45, 16, '2026-04-12', 'Cold', 'Rest and hydration', 'No prescription'),
(466, 46, 17, '2026-04-13', 'Rheumatoid Arthritis', 'Pain relievers and anti-inflammatory drugs', 'Methotrexate'),
(467, 47, 18, '2026-04-14', 'Peptic Ulcer', 'Avoid spicy foods and take antacids', 'Ranitidine'),
(468, 48, 19, '2026-04-15', 'Thyroid Disorder', 'Thyroid hormone therapy', 'Levothyroxine'),
(469, 49, 20, '2026-04-16', 'Chronic Fatigue Syndrome', 'Sleep hygiene and low-impact exercise', 'No prescription'),
(470, 50, 1, '2026-04-17', 'Flu', 'Rest and over-the-counter medication', 'Paracetamol'),
(471, 51, 2, '2026-04-18', 'Diabetes', 'Diet change and insulin therapy', 'Insulin'),
(472, 52, 3, '2026-04-19', 'Hypertension', 'Blood pressure medication', 'Amlodipine'),
(473, 53, 4, '2026-04-20', 'Asthma', 'Inhaler use and avoid triggers', 'Salbutamol'),
(474, 54, 5, '2026-04-21', 'Migraine', 'Pain management with rest', 'Sumatriptan'),
(475, 55, 6, '2026-04-22', 'Allergic Rhinitis', 'Antihistamines and nasal spray', 'Cetirizine'),
(476, 56, 7, '2026-04-23', 'Anxiety', 'Cognitive behavioral therapy and medication', 'Sertraline'),
(477, 57, 8, '2026-04-24', 'Back Pain', 'Physical therapy and pain relievers', 'Ibuprofen'),
(478, 58, 9, '2026-04-25', 'Pneumonia', 'Antibiotics and rest', 'Amoxicillin'),
(479, 59, 10, '2026-04-26', 'Chronic Bronchitis', 'Bronchodilators and steroids', 'Albuterol'),
(480, 60, 11, '2026-04-27', 'Gastritis', 'Antacids and dietary changes', 'Omeprazole'),
(481, 61, 12, '2026-04-28', 'Depression', 'Therapy and antidepressants', 'Fluoxetine'),
(482, 62, 13, '2026-04-29', 'Osteoarthritis', 'Physical therapy and pain management', 'Diclofenac'),
(483, 63, 14, '2026-04-30', 'Stroke', 'Rehabilitation and blood thinners', 'Aspirin'),
(484, 64, 15, '2026-05-01', 'Heart Disease', 'Surgery and lifestyle changes', 'Statins'),
(485, 65, 16, '2026-05-02', 'Cold', 'Rest and hydration', 'No prescription'),
(486, 66, 17, '2026-05-03', 'Rheumatoid Arthritis', 'Pain relievers and anti-inflammatory drugs', 'Methotrexate'),
(487, 67, 18, '2026-05-04', 'Peptic Ulcer', 'Avoid spicy foods and take antacids', 'Ranitidine'),
(488, 68, 19, '2026-05-05', 'Thyroid Disorder', 'Thyroid hormone therapy', 'Levothyroxine'),
(489, 69, 20, '2026-05-06', 'Chronic Fatigue Syndrome', 'Sleep hygiene and low-impact exercise', 'No prescription'),
(490, 70, 1, '2026-05-07', 'Flu', 'Rest and over-the-counter medication', 'Paracetamol'),
(491, 71, 2, '2026-05-08', 'Diabetes', 'Diet change and insulin therapy', 'Insulin'),
(492, 72, 3, '2026-05-09', 'Hypertension', 'Blood pressure medication', 'Amlodipine'),
(493, 73, 4, '2026-05-10', 'Asthma', 'Inhaler use and avoid triggers', 'Salbutamol'),
(494, 74, 5, '2026-05-11', 'Migraine', 'Pain management with rest', 'Sumatriptan'),
(495, 75, 6, '2026-05-12', 'Allergic Rhinitis', 'Antihistamines and nasal spray', 'Cetirizine'),
(496, 76, 7, '2026-05-13', 'Anxiety', 'Cognitive behavioral therapy and medication', 'Sertraline'),
(497, 77, 8, '2026-05-14', 'Back Pain', 'Physical therapy and pain relievers', 'Ibuprofen'),
(498, 78, 9, '2026-05-15', 'Pneumonia', 'Antibiotics and rest', 'Amoxicillin'),
(499, 79, 10, '2026-05-16', 'Chronic Bronchitis', 'Bronchodilators and steroids', 'Albuterol'),
(500, 80, 11, '2026-05-17', 'Gastritis', 'Antacids and dietary changes', 'Omeprazole');
--Done
INSERT INTO Prescription (PrescriptionID, RecordID, MedicineID, Dosage, Frequency, Duration)
VALUES
(1, 1, 1, '500mg', 'Once daily', '7 days'),
(2, 2, 2, '250mg', 'Twice daily', '10 days'),
(3, 3, 3, '10mg', 'Once daily', '30 days'),
(4, 4, 4, '200mg', 'Once every 12 hours', '14 days'),
(5, 5, 5, '20mg', 'Once daily', '15 days'),
(6, 6, 6, '50mg', 'Twice daily', '7 days'),
(7, 7, 7, '100mg', 'Once daily', '20 days'),
(8, 8, 8, '150mg', 'Once every 6 hours', '7 days'),
(9, 9, 9, '500mg', 'Once daily', '14 days'),
(10, 10, 10, '250mg', 'Once every 8 hours', '7 days'),
(11, 11, 11, '10mg', 'Once daily', '30 days'),
(12, 12, 12, '100mg', 'Once daily', '14 days'),
(13, 13, 13, '300mg', 'Twice daily', '7 days'),
(14, 14, 14, '50mg', 'Once every 12 hours', '30 days'),
(15, 15, 15, '500mg', 'Once daily', '20 days'),
(16, 16, 16, '200mg', 'Twice daily', '14 days'),
(17, 17, 17, '150mg', 'Once daily', '10 days'),
(18, 18, 18, '20mg', 'Once daily', '15 days'),
(19, 19, 19, '10mg', 'Twice daily', '30 days'),
(20, 20, 20, '500mg', 'Once daily', '7 days'),
(21, 21, 21, '50mg', 'Once daily', '14 days'),
(22, 22, 22, '100mg', 'Once daily', '10 days'),
(23, 23, 23, '250mg', 'Once every 8 hours', '7 days'),
(24, 24, 24, '200mg', 'Once daily', '30 days'),
(25, 25, 25, '500mg', 'Twice daily', '20 days'),
(26, 26, 26, '50mg', 'Once daily', '14 days'),
(27, 27, 27, '150mg', 'Once every 6 hours', '30 days'),
(28, 28, 28, '10mg', 'Once daily', '7 days'),
(29, 29, 29, '20mg', 'Twice daily', '10 days'),
(30, 30, 30, '500mg', 'Once daily', '14 days'),
(31, 31, 31, '10mg', 'Once daily', '30 days'),
(32, 32, 32, '200mg', 'Once every 12 hours', '14 days'),
(33, 33, 33, '50mg', 'Twice daily', '7 days'),
(34, 34, 34, '150mg', 'Once daily', '20 days'),
(35, 35, 35, '500mg', 'Once daily', '7 days'),
(36, 36, 36, '250mg', 'Twice daily', '10 days'),
(37, 37, 37, '100mg', 'Once daily', '15 days'),
(38, 38, 38, '500mg', 'Once daily', '30 days'),
(39, 39, 39, '20mg', 'Once every 6 hours', '7 days'),
(40, 40, 40, '50mg', 'Once daily', '20 days'),
(41, 41, 41, '100mg', 'Once daily', '10 days'),
(42, 42, 42, '250mg', 'Once daily', '14 days'),
(43, 43, 43, '200mg', 'Once daily', '7 days'),
(44, 44, 44, '500mg', 'Twice daily', '30 days'),
(45, 45, 45, '150mg', 'Once daily', '15 days'),
(46, 46, 46, '10mg', 'Once daily', '14 days'),
(47, 47, 47, '200mg', 'Once daily', '10 days'),
(48, 48, 48, '50mg', 'Twice daily', '7 days'),
(49, 49, 49, '100mg', 'Once daily', '30 days'),
(50, 50, 50, '500mg', 'Once daily', '20 days'),
(51, 51, 1, '500mg', 'Once daily', '7 days'),
(52, 52, 2, '250mg', 'Twice daily', '10 days'),
(53, 53, 3, '10mg', 'Once daily', '30 days'),
(54, 54, 4, '200mg', 'Once every 12 hours', '14 days'),
(55, 55, 5, '20mg', 'Once daily', '15 days'),
(56, 56, 6, '50mg', 'Twice daily', '7 days'),
(57, 57, 7, '100mg', 'Once daily', '20 days'),
(58, 58, 8, '150mg', 'Once every 6 hours', '7 days'),
(59, 59, 9, '500mg', 'Once daily', '14 days'),
(60, 60, 10, '250mg', 'Once every 8 hours', '7 days'),
(61, 61, 11, '10mg', 'Once daily', '30 days'),
(62, 62, 12, '100mg', 'Once daily', '14 days'),
(63, 63, 13, '300mg', 'Twice daily', '7 days'),
(64, 64, 14, '50mg', 'Once every 12 hours', '30 days'),
(65, 65, 15, '500mg', 'Once daily', '20 days'),
(66, 66, 16, '200mg', 'Twice daily', '14 days'),
(67, 67, 17, '150mg', 'Once daily', '10 days'),
(68, 68, 18, '20mg', 'Once daily', '15 days'),
(69, 69, 19, '10mg', 'Twice daily', '30 days'),
(70, 70, 20, '500mg', 'Once daily', '7 days'),
(71, 71, 21, '50mg', 'Once daily', '14 days'),
(72, 72, 22, '100mg', 'Once daily', '10 days'),
(73, 73, 23, '250mg', 'Once every 8 hours', '7 days'),
(74, 74, 24, '200mg', 'Once daily', '30 days'),
(75, 75, 25, '500mg', 'Twice daily', '20 days'),
(76, 76, 26, '50mg', 'Once daily', '14 days'),
(77, 77, 27, '150mg', 'Once every 6 hours', '30 days'),
(78, 78, 28, '10mg', 'Once daily', '7 days'),
(79, 79, 29, '20mg', 'Twice daily', '10 days'),
(80, 80, 30, '500mg', 'Once daily', '14 days'),
(81, 81, 1, '500mg', 'Once daily', '7 days'),
(82, 82, 2, '250mg', 'Twice daily', '10 days'),
(83, 83, 3, '10mg', 'Once daily', '30 days'),
(84, 84, 4, '200mg', 'Once every 12 hours', '14 days'),
(85, 85, 5, '20mg', 'Once daily', '15 days'),
(86, 86, 6, '50mg', 'Twice daily', '7 days'),
(87, 87, 7, '100mg', 'Once daily', '20 days'),
(88, 88, 8, '150mg', 'Once every 6 hours', '7 days'),
(89, 89, 9, '500mg', 'Once daily', '14 days'),
(90, 90, 10, '250mg', 'Once every 8 hours', '7 days'),
(91, 91, 11, '10mg', 'Once daily', '30 days'),
(92, 92, 12, '100mg', 'Once daily', '14 days'),
(93, 93, 13, '300mg', 'Twice daily', '7 days'),
(94, 94, 14, '50mg', 'Once every 12 hours', '30 days'),
(95, 95, 15, '500mg', 'Once daily', '20 days'),
(96, 96, 16, '200mg', 'Twice daily', '14 days'),
(97, 97, 17, '150mg', 'Once daily', '10 days'),
(98, 98, 18, '20mg', 'Once daily', '15 days'),
(99, 99, 19, '10mg', 'Twice daily', '30 days'),
(100, 100, 20, '500mg', 'Once daily', '7 days'),
(101, 101, 21, '50mg', 'Once daily', '14 days'),
(102, 102, 22, '100mg', 'Once daily', '10 days'),
(103, 103, 23, '250mg', 'Once every 8 hours', '7 days'),
(104, 104, 24, '200mg', 'Once daily', '30 days'),
(105, 105, 25, '500mg', 'Twice daily', '20 days'),
(106, 106, 26, '50mg', 'Once daily', '14 days'),
(107, 107, 27, '150mg', 'Once every 6 hours', '30 days'),
(108, 108, 28, '10mg', 'Once daily', '7 days'),
(109, 109, 29, '20mg', 'Twice daily', '10 days'),
(110, 110, 30, '500mg', 'Once daily', '14 days'),
(111, 111, 31, '200mg', 'Once daily', '30 days'),
(112, 112, 32, '50mg', 'Twice daily', '7 days'),
(113, 113, 33, '100mg', 'Once daily', '14 days'),
(114, 114, 34, '250mg', 'Once every 8 hours', '7 days'),
(115, 115, 35, '500mg', 'Once daily', '14 days'),
(116, 116, 36, '20mg', 'Once daily', '7 days'),
(117, 117, 37, '10mg', 'Once daily', '30 days'),
(118, 118, 38, '50mg', 'Once daily', '15 days'),
(119, 119, 39, '200mg', 'Once every 12 hours', '14 days'),
(120, 120, 40, '100mg', 'Once daily', '30 days'),
(121, 121, 41, '150mg', 'Once daily', '7 days'),
(122, 122, 42, '500mg', 'Once daily', '14 days'),
(123, 123, 43, '250mg', 'Once daily', '30 days'),
(124, 124, 44, '200mg', 'Twice daily', '20 days'),
(125, 125, 45, '50mg', 'Once daily', '7 days'),
(126, 126, 46, '10mg', 'Once daily', '30 days'),
(127, 127, 47, '100mg', 'Once every 12 hours', '7 days'),
(128, 128, 48, '150mg', 'Once daily', '14 days'),
(129, 129, 49, '500mg', 'Once daily', '20 days'),
(130, 130, 50, '250mg', 'Twice daily', '7 days'),
(131, 131, 1, '500mg', 'Once daily', '30 days'),
(132, 132, 2, '250mg', 'Once daily', '14 days'),
(133, 133, 3, '10mg', 'Once daily', '7 days'),
(134, 134, 4, '200mg', 'Twice daily', '14 days'),
(135, 135, 5, '20mg', 'Once daily', '30 days'),
(136, 136, 6, '50mg', 'Once every 12 hours', '20 days'),
(137, 137, 7, '100mg', 'Once daily', '7 days'),
(138, 138, 8, '150mg', 'Twice daily', '10 days'),
(139, 139, 9, '500mg', 'Once daily', '14 days'),
(140, 140, 10, '250mg', 'Once daily', '30 days'),
(141, 141, 11, '10mg', 'Once daily', '7 days'),
(142, 142, 12, '100mg', 'Once daily', '15 days'),
(143, 143, 13, '300mg', 'Twice daily', '7 days'),
(144, 144, 14, '50mg', 'Once daily', '20 days'),
(145, 145, 15, '500mg', 'Once daily', '30 days'),
(146, 146, 16, '200mg', 'Once every 12 hours', '14 days'),
(147, 147, 17, '150mg', 'Once daily', '30 days'),
(148, 148, 18, '20mg', 'Once daily', '7 days'),
(149, 149, 19, '10mg', 'Twice daily', '30 days'),
(150, 150, 20, '500mg', 'Once daily', '7 days'),
(151, 151, 21, '50mg', 'Once daily', '14 days'),
(152, 152, 22, '100mg', 'Once daily', '7 days'),
(153, 153, 23, '250mg', 'Once every 8 hours', '30 days'),
(154, 154, 24, '200mg', 'Once daily', '7 days'),
(155, 155, 25, '500mg', 'Twice daily', '14 days'),
(156, 156, 26, '50mg', 'Once daily', '30 days'),
(157, 157, 27, '150mg', 'Once daily', '7 days'),
(158, 158, 28, '10mg', 'Once daily', '14 days'),
(159, 159, 29, '20mg', 'Twice daily', '30 days'),
(160, 160, 30, '500mg', 'Once daily', '14 days'),
(161, 161, 31, '200mg', 'Once daily', '7 days'),
(162, 162, 32, '50mg', 'Once every 6 hours', '30 days'),
(163, 163, 33, '100mg', 'Once daily', '20 days'),
(164, 164, 34, '250mg', 'Once every 12 hours', '7 days'),
(165, 165, 35, '500mg', 'Once daily', '30 days'),
(166, 166, 36, '20mg', 'Once daily', '7 days'),
(167, 167, 37, '10mg', 'Once daily', '14 days'),
(168, 168, 38, '50mg', 'Twice daily', '30 days'),
(169, 169, 39, '200mg', 'Once daily', '14 days'),
(170, 170, 40, '100mg', 'Once every 12 hours', '30 days'),
(171, 171, 41, '150mg', 'Once daily', '7 days'),
(172, 172, 42, '500mg', 'Once daily', '20 days'),
(173, 173, 43, '250mg', 'Once daily', '7 days'),
(174, 174, 44, '200mg', 'Twice daily', '10 days'),
(175, 175, 45, '50mg', 'Once daily', '7 days'),
(176, 176, 46, '10mg', 'Once daily', '30 days'),
(177, 177, 47, '100mg', 'Once every 12 hours', '7 days'),
(178, 178, 48, '150mg', 'Once daily', '14 days'),
(179, 179, 49, '500mg', 'Once daily', '20 days'),
(180, 180, 50, '250mg', 'Twice daily', '7 days'),
(181, 181, 1, '500mg', 'Once daily', '30 days'),
(182, 182, 2, '250mg', 'Once daily', '14 days'),
(183, 183, 3, '10mg', 'Once daily', '7 days'),
(184, 184, 4, '200mg', 'Twice daily', '14 days'),
(185, 185, 5, '20mg', 'Once daily', '30 days'),
(186, 186, 6, '50mg', 'Once every 12 hours', '20 days'),
(187, 187, 7, '100mg', 'Once daily', '7 days'),
(188, 188, 8, '150mg', 'Twice daily', '10 days'),
(189, 189, 9, '500mg', 'Once daily', '14 days'),
(190, 190, 10, '250mg', 'Once daily', '30 days'),
(191, 191, 11, '10mg', 'Once daily', '7 days'),
(192, 192, 12, '100mg', 'Once daily', '15 days'),
(193, 193, 13, '300mg', 'Twice daily', '7 days'),
(194, 194, 14, '50mg', 'Once daily', '20 days'),
(195, 195, 15, '500mg', 'Once daily', '30 days'),
(196, 196, 16, '200mg', 'Once every 12 hours', '14 days'),
(197, 197, 17, '150mg', 'Once daily', '30 days'),
(198, 198, 18, '20mg', 'Once daily', '7 days'),
(199, 199, 19, '10mg', 'Twice daily', '30 days'),
(200, 200, 20, '500mg', 'Once daily', '7 days'),
(201, 201, 21, '50mg', 'Once daily', '14 days'),
(202, 202, 22, '100mg', 'Once daily', '7 days'),
(203, 203, 23, '250mg', 'Once every 8 hours', '30 days'),
(204, 204, 24, '200mg', 'Once daily', '7 days'),
(205, 205, 25, '500mg', 'Twice daily', '14 days'),
(206, 206, 26, '50mg', 'Once daily', '30 days'),
(207, 207, 27, '150mg', 'Once daily', '7 days'),
(208, 208, 28, '10mg', 'Once daily', '14 days'),
(209, 209, 29, '20mg', 'Twice daily', '30 days'),
(210, 210, 30, '500mg', 'Once daily', '14 days'),
(211, 211, 31, '200mg', 'Once daily', '7 days'),
(212, 212, 32, '50mg', 'Once every 6 hours', '30 days'),
(213, 213, 33, '100mg', 'Once daily', '20 days'),
(214, 214, 34, '250mg', 'Once every 12 hours', '7 days'),
(215, 215, 35, '500mg', 'Once daily', '30 days'),
(216, 216, 36, '20mg', 'Once daily', '7 days'),
(217, 217, 37, '10mg', 'Once daily', '14 days'),
(218, 218, 38, '50mg', 'Twice daily', '30 days'),
(219, 219, 39, '200mg', 'Once daily', '14 days'),
(220, 220, 40, '100mg', 'Once every 12 hours', '30 days'),
(221, 221, 41, '150mg', 'Once daily', '7 days'),
(222, 222, 42, '500mg', 'Once daily', '20 days'),
(223, 223, 43, '250mg', 'Once daily', '7 days'),
(224, 224, 44, '200mg', 'Twice daily', '10 days'),
(225, 225, 45, '50mg', 'Once daily', '7 days'),
(226, 226, 46, '10mg', 'Once daily', '30 days'),
(227, 227, 47, '100mg', 'Once every 12 hours', '7 days'),
(228, 228, 48, '150mg', 'Once daily', '14 days'),
(229, 229, 49, '500mg', 'Once daily', '20 days'),
(230, 230, 50, '250mg', 'Twice daily', '7 days'),
(231, 231, 1, '500mg', 'Once daily', '30 days'),
(232, 232, 2, '250mg', 'Once daily', '14 days'),
(233, 233, 3, '10mg', 'Once daily', '7 days'),
(234, 234, 4, '200mg', 'Twice daily', '14 days'),
(235, 235, 5, '20mg', 'Once daily', '30 days'),
(236, 236, 6, '50mg', 'Once every 12 hours', '20 days'),
(237, 237, 7, '100mg', 'Once daily', '7 days'),
(238, 238, 8, '150mg', 'Twice daily', '10 days'),
(239, 239, 9, '500mg', 'Once daily', '14 days'),
(240, 240, 10, '250mg', 'Once daily', '30 days'),
(241, 241, 11, '10mg', 'Once daily', '7 days'),
(242, 242, 12, '100mg', 'Once daily', '15 days'),
(243, 243, 13, '300mg', 'Twice daily', '7 days'),
(244, 244, 14, '50mg', 'Once daily', '20 days'),
(245, 245, 15, '500mg', 'Once daily', '30 days'),
(246, 246, 16, '200mg', 'Once every 12 hours', '14 days'),
(247, 247, 17, '150mg', 'Once daily', '30 days'),
(248, 248, 18, '20mg', 'Once daily', '7 days'),
(249, 249, 19, '10mg', 'Twice daily', '30 days'),
(250, 250, 20, '500mg', 'Once daily', '7 days'),
(251, 251, 21, '50mg', 'Once daily', '14 days'),
(252, 252, 22, '100mg', 'Once daily', '7 days'),
(253, 253, 23, '250mg', 'Once every 8 hours', '30 days'),
(254, 254, 24, '200mg', 'Once daily', '7 days'),
(255, 255, 25, '500mg', 'Twice daily', '14 days'),
(256, 256, 26, '50mg', 'Once daily', '30 days'),
(257, 257, 27, '150mg', 'Once daily', '7 days'),
(258, 258, 28, '10mg', 'Once daily', '14 days'),
(259, 259, 29, '20mg', 'Twice daily', '30 days'),
(260, 260, 30, '500mg', 'Once daily', '14 days'),
(261, 261, 31, '200mg', 'Once daily', '7 days'),
(262, 262, 32, '50mg', 'Once every 6 hours', '30 days'),
(263, 263, 33, '100mg', 'Once daily', '20 days'),
(264, 264, 34, '250mg', 'Once every 12 hours', '7 days'),
(265, 265, 35, '500mg', 'Once daily', '30 days'),
(266, 266, 36, '20mg', 'Once daily', '7 days'),
(267, 267, 37, '10mg', 'Once daily', '14 days'),
(268, 268, 38, '50mg', 'Twice daily', '30 days'),
(269, 269, 39, '200mg', 'Once daily', '14 days'),
(270, 270, 40, '100mg', 'Once every 12 hours', '30 days'),
(271, 271, 41, '150mg', 'Once daily', '7 days'),
(272, 272, 42, '500mg', 'Once daily', '20 days'),
(273, 273, 43, '250mg', 'Once daily', '7 days'),
(274, 274, 44, '200mg', 'Twice daily', '10 days'),
(275, 275, 45, '50mg', 'Once daily', '7 days'),
(276, 276, 46, '10mg', 'Once daily', '30 days'),
(277, 277, 47, '100mg', 'Once every 12 hours', '7 days'),
(278, 278, 48, '150mg', 'Once daily', '14 days'),
(279, 279, 49, '500mg', 'Once daily', '20 days'),
(280, 280, 50, '250mg', 'Twice daily', '7 days'),
(281, 281, 1, '500mg', 'Once daily', '30 days'),
(282, 282, 2, '250mg', 'Once daily', '14 days'),
(283, 283, 3, '10mg', 'Once daily', '7 days'),
(284, 284, 4, '200mg', 'Twice daily', '14 days'),
(285, 285, 5, '20mg', 'Once daily', '30 days'),
(286, 286, 6, '50mg', 'Once every 12 hours', '20 days'),
(287, 287, 7, '100mg', 'Once daily', '7 days'),
(288, 288, 8, '150mg', 'Twice daily', '10 days'),
(289, 289, 9, '500mg', 'Once daily', '14 days'),
(290, 290, 10, '250mg', 'Once daily', '30 days'),
(291, 291, 11, '10mg', 'Once daily', '7 days'),
(292, 292, 12, '100mg', 'Once daily', '15 days'),
(293, 293, 13, '300mg', 'Twice daily', '7 days'),
(294, 294, 14, '50mg', 'Once daily', '20 days'),
(295, 295, 15, '500mg', 'Once daily', '30 days'),
(296, 296, 16, '200mg', 'Once every 12 hours', '14 days'),
(297, 297, 17, '150mg', 'Once daily', '30 days'),
(298, 298, 18, '20mg', 'Once daily', '7 days'),
(299, 299, 19, '10mg', 'Twice daily', '30 days'),
(300, 300, 20, '500mg', 'Once daily', '7 days'),
(301, 301, 21, '50mg', 'Once daily', '14 days'),
(302, 302, 22, '100mg', 'Once daily', '7 days'),
(303, 303, 23, '250mg', 'Once every 8 hours', '30 days'),
(304, 304, 24, '200mg', 'Once daily', '7 days'),
(305, 305, 25, '500mg', 'Twice daily', '14 days'),
(306, 306, 26, '50mg', 'Once daily', '30 days'),
(307, 307, 27, '150mg', 'Once daily', '7 days'),
(308, 308, 28, '10mg', 'Once daily', '14 days'),
(309, 309, 29, '20mg', 'Twice daily', '30 days'),
(310, 310, 30, '500mg', 'Once daily', '14 days'),
(311, 311, 31, '200mg', 'Once daily', '7 days'),
(312, 312, 32, '50mg', 'Once every 6 hours', '30 days'),
(313, 313, 33, '100mg', 'Once daily', '20 days'),
(314, 314, 34, '250mg', 'Once every 12 hours', '7 days'),
(315, 315, 35, '500mg', 'Once daily', '30 days'),
(316, 316, 36, '20mg', 'Once daily', '7 days'),
(317, 317, 37, '10mg', 'Once daily', '14 days'),
(318, 318, 38, '50mg', 'Twice daily', '30 days'),
(319, 319, 39, '200mg', 'Once daily', '14 days'),
(320, 320, 40, '100mg', 'Once every 12 hours', '30 days'),
(321, 321, 41, '150mg', 'Once daily', '7 days'),
(322, 322, 42, '500mg', 'Once daily', '20 days'),
(323, 323, 43, '250mg', 'Once daily', '7 days'),
(324, 324, 44, '200mg', 'Twice daily', '10 days'),
(325, 325, 45, '50mg', 'Once daily', '7 days'),
(326, 326, 46, '10mg', 'Once daily', '30 days'),
(327, 327, 47, '100mg', 'Once every 12 hours', '7 days'),
(328, 328, 48, '150mg', 'Once daily', '14 days'),
(329, 329, 49, '500mg', 'Once daily', '20 days'),
(330, 330, 50, '250mg', 'Twice daily', '7 days'),
(331, 331, 1, '500mg', 'Once daily', '30 days'),
(332, 332, 2, '250mg', 'Once daily', '14 days'),
(333, 333, 3, '10mg', 'Once daily', '7 days'),
(334, 334, 4, '200mg', 'Twice daily', '14 days'),
(335, 335, 5, '20mg', 'Once daily', '30 days'),
(336, 336, 6, '50mg', 'Once every 12 hours', '20 days'),
(337, 337, 7, '100mg', 'Once daily', '7 days'),
(338, 338, 8, '150mg', 'Twice daily', '10 days'),
(339, 339, 9, '500mg', 'Once daily', '14 days'),
(340, 340, 10, '250mg', 'Once daily', '30 days'),
(341, 341, 11, '10mg', 'Once daily', '7 days'),
(342, 342, 12, '100mg', 'Once daily', '15 days'),
(343, 343, 13, '300mg', 'Twice daily', '7 days'),
(344, 344, 14, '50mg', 'Once daily', '20 days'),
(345, 345, 15, '500mg', 'Once daily', '30 days'),
(346, 346, 16, '200mg', 'Once every 12 hours', '14 days'),
(347, 347, 17, '150mg', 'Once daily', '30 days'),
(348, 348, 18, '20mg', 'Once daily', '7 days'),
(349, 349, 19, '10mg', 'Twice daily', '30 days'),
(350, 350, 20, '500mg', 'Once daily', '7 days'),
(351, 351, 21, '50mg', 'Once daily', '14 days'),
(352, 352, 22, '100mg', 'Once daily', '7 days'),
(353, 353, 23, '250mg', 'Once every 8 hours', '30 days'),
(354, 354, 24, '200mg', 'Once daily', '7 days'),
(355, 355, 25, '500mg', 'Twice daily', '14 days'),
(356, 356, 26, '50mg', 'Once daily', '30 days'),
(357, 357, 27, '150mg', 'Once daily', '7 days'),
(358, 358, 28, '10mg', 'Once daily', '14 days'),
(359, 359, 29, '20mg', 'Twice daily', '30 days'),
(360, 360, 30, '500mg', 'Once daily', '14 days'),
(361, 361, 31, '200mg', 'Once daily', '7 days'),
(362, 362, 32, '50mg', 'Once every 6 hours', '30 days'),
(363, 363, 33, '100mg', 'Once daily', '20 days'),
(364, 364, 34, '250mg', 'Once every 12 hours', '7 days'),
(365, 365, 35, '500mg', 'Once daily', '30 days'),
(366, 366, 36, '20mg', 'Once daily', '7 days'),
(367, 367, 37, '10mg', 'Once daily', '14 days'),
(368, 368, 38, '50mg', 'Twice daily', '30 days'),
(369, 369, 39, '200mg', 'Once daily', '14 days'),
(370, 370, 40, '100mg', 'Once every 12 hours', '30 days'),
(371, 371, 41, '150mg', 'Once daily', '7 days'),
(372, 372, 42, '500mg', 'Once daily', '20 days'),
(373, 373, 43, '250mg', 'Once daily', '7 days'),
(374, 374, 44, '200mg', 'Twice daily', '10 days'),
(375, 375, 45, '50mg', 'Once daily', '7 days'),
(376, 376, 46, '10mg', 'Once daily', '30 days'),
(377, 377, 47, '100mg', 'Once every 12 hours', '7 days'),
(378, 378, 48, '150mg', 'Once daily', '14 days'),
(379, 379, 49, '500mg', 'Once daily', '20 days'),
(380, 380, 50, '250mg', 'Twice daily', '7 days'),
(381, 381, 1, '500mg', 'Once daily', '30 days'),
(382, 382, 2, '250mg', 'Once daily', '14 days'),
(383, 383, 3, '10mg', 'Once daily', '7 days'),
(384, 384, 4, '200mg', 'Twice daily', '14 days'),
(385, 385, 5, '20mg', 'Once daily', '30 days'),
(386, 386, 6, '50mg', 'Once every 12 hours', '20 days'),
(387, 387, 7, '100mg', 'Once daily', '7 days'),
(388, 388, 8, '150mg', 'Twice daily', '10 days'),
(389, 389, 9, '500mg', 'Once daily', '14 days'),
(390, 390, 10, '250mg', 'Once daily', '30 days'),
(391, 391, 11, '10mg', 'Once daily', '7 days'),
(392, 392, 12, '100mg', 'Once daily', '15 days'),
(393, 393, 13, '300mg', 'Twice daily', '7 days'),
(394, 394, 14, '50mg', 'Once daily', '20 days'),
(395, 395, 15, '500mg', 'Once daily', '30 days'),
(396, 396, 16, '200mg', 'Once every 12 hours', '14 days'),
(397, 397, 17, '150mg', 'Once daily', '30 days'),
(398, 398, 18, '20mg', 'Once daily', '7 days'),
(399, 399, 19, '10mg', 'Twice daily', '30 days'),
(400, 400, 20, '500mg', 'Once daily', '7 days'),
(401, 401, 21, '50mg', 'Once daily', '14 days'),
(402, 402, 22, '100mg', 'Once daily', '7 days'),
(403, 403, 23, '250mg', 'Once every 8 hours', '30 days'),
(404, 404, 24, '200mg', 'Once daily', '7 days'),
(405, 405, 25, '500mg', 'Twice daily', '14 days'),
(406, 406, 26, '50mg', 'Once daily', '30 days'),
(407, 407, 27, '150mg', 'Once daily', '7 days'),
(408, 408, 28, '10mg', 'Once daily', '14 days'),
(409, 409, 29, '20mg', 'Twice daily', '30 days'),
(410, 410, 30, '500mg', 'Once daily', '14 days'),
(411, 411, 31, '200mg', 'Once daily', '7 days'),
(412, 412, 32, '50mg', 'Once every 6 hours', '30 days'),
(413, 413, 33, '100mg', 'Once daily', '20 days'),
(414, 414, 34, '250mg', 'Once every 12 hours', '7 days'),
(415, 415, 35, '500mg', 'Once daily', '30 days'),
(416, 416, 36, '20mg', 'Once daily', '7 days'),
(417, 417, 37, '10mg', 'Once daily', '14 days'),
(418, 418, 38, '50mg', 'Twice daily', '30 days'),
(419, 419, 39, '200mg', 'Once daily', '14 days'),
(420, 420, 40, '100mg', 'Once every 12 hours', '30 days'),
(421, 421, 41, '150mg', 'Once daily', '7 days'),
(422, 422, 42, '500mg', 'Once daily', '20 days'),
(423, 423, 43, '250mg', 'Once daily', '7 days'),
(424, 424, 44, '200mg', 'Twice daily', '10 days'),
(425, 425, 45, '50mg', 'Once daily', '7 days'),
(426, 426, 46, '10mg', 'Once daily', '30 days'),
(427, 427, 47, '100mg', 'Once every 12 hours', '7 days'),
(428, 428, 48, '150mg', 'Once daily', '14 days'),
(429, 429, 49, '500mg', 'Once daily', '20 days'),
(430, 430, 50, '250mg', 'Twice daily', '7 days'),
(431, 431, 1, '500mg', 'Once daily', '30 days'),
(432, 432, 2, '250mg', 'Once daily', '14 days'),
(433, 433, 3, '10mg', 'Once daily', '7 days'),
(434, 434, 4, '200mg', 'Twice daily', '14 days'),
(435, 435, 5, '20mg', 'Once daily', '30 days'),
(436, 436, 6, '50mg', 'Once every 12 hours', '20 days'),
(437, 437, 7, '100mg', 'Once daily', '7 days'),
(438, 438, 8, '150mg', 'Twice daily', '10 days'),
(439, 439, 9, '500mg', 'Once daily', '14 days'),
(440, 440, 10, '250mg', 'Once daily', '30 days'),
(441, 441, 11, '10mg', 'Once daily', '7 days'),
(442, 442, 12, '100mg', 'Once daily', '15 days'),
(443, 443, 13, '300mg', 'Twice daily', '7 days'),
(444, 444, 14, '50mg', 'Once daily', '20 days'),
(445, 445, 15, '500mg', 'Once daily', '30 days'),
(446, 446, 16, '200mg', 'Once every 12 hours', '14 days'),
(447, 447, 17, '150mg', 'Once daily', '30 days'),
(448, 448, 18, '20mg', 'Once daily', '7 days'),
(449, 449, 19, '10mg', 'Twice daily', '30 days'),
(450, 450, 20, '500mg', 'Once daily', '7 days'),
(451, 451, 21, '50mg', 'Once daily', '14 days'),
(452, 452, 22, '100mg', 'Once daily', '7 days'),
(453, 453, 23, '250mg', 'Once every 8 hours', '30 days'),
(454, 454, 24, '200mg', 'Once daily', '7 days'),
(455, 455, 25, '500mg', 'Twice daily', '14 days'),
(456, 456, 26, '50mg', 'Once daily', '30 days'),
(457, 457, 27, '150mg', 'Once daily', '7 days'),
(458, 458, 28, '10mg', 'Once daily', '14 days'),
(459, 459, 29, '20mg', 'Twice daily', '30 days'),
(460, 460, 30, '500mg', 'Once daily', '14 days'),
(461, 461, 31, '200mg', 'Once daily', '7 days'),
(462, 462, 32, '50mg', 'Once every 6 hours', '30 days'),
(463, 463, 33, '100mg', 'Once daily', '20 days'),
(464, 464, 34, '250mg', 'Once every 12 hours', '7 days'),
(465, 465, 35, '500mg', 'Once daily', '30 days'),
(466, 466, 36, '20mg', 'Once daily', '7 days'),
(467, 467, 37, '10mg', 'Once daily', '14 days'),
(468, 468, 38, '50mg', 'Twice daily', '30 days'),
(469, 469, 39, '200mg', 'Once daily', '14 days'),
(470, 470, 40, '100mg', 'Once every 12 hours', '30 days'),
(471, 471, 41, '150mg', 'Once daily', '7 days'),
(472, 472, 42, '500mg', 'Once daily', '20 days'),
(473, 473, 43, '250mg', 'Once daily', '7 days'),
(474, 474, 44, '200mg', 'Twice daily', '10 days'),
(475, 475, 45, '50mg', 'Once daily', '7 days'),
(476, 476, 46, '10mg', 'Once daily', '30 days'),
(477, 477, 47, '100mg', 'Once every 12 hours', '7 days'),
(478, 478, 48, '150mg', 'Once daily', '14 days'),
(479, 479, 49, '500mg', 'Once daily', '20 days'),
(480, 480, 50, '250mg', 'Twice daily', '7 days'),
(481, 481, 1, '500mg', 'Once daily', '30 days'),
(482, 482, 2, '250mg', 'Once daily', '14 days'),
(483, 483, 3, '10mg', 'Once daily', '7 days'),
(484, 484, 4, '200mg', 'Twice daily', '14 days'),
(485, 485, 5, '20mg', 'Once daily', '30 days'),
(486, 486, 6, '50mg', 'Once every 12 hours', '20 days'),
(487, 487, 7, '100mg', 'Once daily', '7 days'),
(488, 488, 8, '150mg', 'Twice daily', '10 days'),
(489, 489, 9, '500mg', 'Once daily', '14 days'),
(490, 490, 10, '250mg', 'Once daily', '30 days'),
(491, 491, 11, '10mg', 'Once daily', '7 days'),
(492, 492, 12, '100mg', 'Once daily', '15 days'),
(493, 493, 13, '300mg', 'Twice daily', '7 days'),
(494, 494, 14, '50mg', 'Once daily', '20 days'),
(495, 495, 15, '500mg', 'Once daily', '30 days'),
(496, 496, 16, '200mg', 'Once every 12 hours', '14 days'),
(497, 497, 17, '150mg', 'Once daily', '30 days'),
(498, 498, 18, '20mg', 'Once daily', '7 days'),
(499, 499, 19, '10mg', 'Twice daily', '30 days'),
(500, 500, 20, '500mg', 'Once daily', '7 days');



SELECT * FROM Billing --done
SELECT * FROM Department --Done
SELECT * FROM Doctor  --Done
SELECT * FROM Medical_Record
SELECT * FROM Medicine --Done
SELECT * FROM Patient --Done
SELECT * FROM dbo.Prescription --Done
SELECT * FROM Room --Done
SELECT * FROM Room_Assignment
SELECT * FROM Staff  --Done
SELECT * FROM Appointment